race_number,horse_number,horse_name,jockey,trainer,morning_line,early_speed,late_speed,dirt_starts,dirt_wins,synth_starts,synth_wins,turf_starts,turf_wins,distance_starts,distance_wins,hist1_date,hist1_type,hist1_class,hist1_beyer,hist1_first_call,hist1_last_call,hist2_date,hist2_type,hist2_class,hist2_beyer,hist2_first_call,hist2_last_call,hist3_date,hist3_type,hist3_class,hist3_beyer,hist3_first_call,hist3_last_call,hist4_date,hist4_type,hist4_class,hist4_beyer,hist4_first_call,hist4_last_call,hist5_date,hist5_type,hist5_class,hist5_beyer,hist5_first_call,hist5_last_call,hist6_date,hist6_type,hist6_class,hist6_beyer,hist6_first_call,hist6_last_call,hist7_date,hist7_type,hist7_class,hist7_beyer,hist7_first_call,hist7_last_call,hist8_date,hist8_type,hist8_class,hist8_beyer,hist8_first_call,hist8_last_call,hist9_date,hist9_type,hist9_class,hist9_beyer,hist9_first_call,hist9_last_call,hist10_date,hist10_type,hist10_class,hist10_beyer,hist10_first_call,hist10_last_call,hist11_date,hist11_type,hist11_class,hist11_beyer,hist11_first_call,hist11_last_call,hist12_date,hist12_type,hist12_class,hist12_beyer,hist12_first_call,hist12_last_call
1,1,TakerBack,DELACRUZW,Martin William,6-1,100.0,45.0,10,1,0.0,0.0,2,0,13,2,13July25,5^0.50f(c),3(older)(fillie)(Alw)30000sN1X,56,3,6^6.75,3May25,6f(s),3(older)(fillie)(Clm)c-15000N2L,65,2,1^1.25,4Apr25,6f,3(older)(fillie)(Clm)35000N2L,46,8,6^11.50,7Mar25,6f,3(older)(fillie)(Clm)35000N2L,57,3,2^1.75,17Feb25,6f(S),3(older)(fillie)(Md)25000(25-20),65,1,1^2.5,8Feb25,6f(C),3(older)(fillie)(Md)(Sp)(Wt)110k,41,3,5^16.50,19Jan25,6f(C),3(older)(fillie)(Md)(Sp)(Wt)110k,50,2,5^6,22Dec24,1,3(older)(fillie)(Md)(Sp)(Wt)110k,49,3^2,7^11,8Aug24,6f(C),(fillie)(Md)(Sp)(Wt)32k,58,3,2^7.25,21July24,6f,3(older)(fillie)(Md)30000,73,1,3^2,23June24,6f,3(older)(fillie)(Md)(Sp)(Wt)40k,49,2,2^2.75,8June24,5f(T),(fillie)(Md)(Sp)(Wt)32k,52,2,5^2
1,2,SweetMusic,CEDILLOA,Berndt Joel,4-1,103.0,59.0,10,4,0.0,0.0,3,0,6,2,14Dec25,6f(c),3(older)(fillie)(Alw)115000N1X,55,6,10^8.75,30Oct25,5^0.50f(T),3(older)(fillie)(OC)50k/C-N,29,9,8^13.75,30Sept25,6f(S),3(older)(fillie)(Alw)31400N4L,67,1,1^8,27Aug25,7f,3(older)(fillie)(OC)20k/N2X-N,71,4,1^5.5,26July25,6f,3(older)(fillie)(Alw)23500C,69,5,1^4.75,3July25,1(T),3(older)(fillie)(Alw)23500C,48,2^2,9^9.75,7June25,1(s),3(older)(fillie)(Alw)23500C,61,1^2,2^1.5,22May25,6f,3(older)(fillie)(Alw)34560N1X,50,5,7^9.25,1May25,6f,3(older)(fillie)(Alw)32000N1X,46,6,4^5,13Nov24,7f,(fillie)Ë(Md)(Sp)(Wt)94k,63,8,1^2,10Oct24,6f,(fillie)Ë(Md)(Sp)(Wt)78k,55,10,5^5.25,15Sept24,5^0.50f,(fillie)Ë(Md)(Sp)(Wt)95k,68,3,4^1.75
1,3,HighSummer,HERNANDEZI,Garci^5 Genaro,5-1,114.0,44.0,9,2,2.0,0.0,2,0,6,1,2Oct25,5^0.50f,3(older)(fillie)(Alw)47520N3L,61,4,3^4.25,20Sept25,6f(c),3(older)(fillie)(Alw)30000sN3L,53,3,6^7.75,25Aug25,5^0.50f,3(older)(fillie)(Alw)34000N2L,70,1,1^(nose),5Aug25,6f,(fillie)(Md)(Sp)(Wt)32k,67,4,1^(head),5July25,6f(C),(fillie)(Md)(Sp)(Wt)32k,59,5,2^3,7June25,5f(X),3(older)(fillie)(Md)(Sp)(Wt)32k,58,2,2^2.5,28May25,6f,(fillie)(Md)(Sp)(Wt)32k,62,2,2^(neck),6May25,1(X),3(older)(fillie)(Md)(Sp)(Wt)32k,59,1^2.5,2^1,16Apr25,5^0.50f,(fillie)(Md)(Sp)(Wt)32k,59,3,3^4.75,14Mar25,6f(A),(fillie)(Md)30000 (30-20),41,2,2^8.75,3Jan25,6f,(fillie)(Md)35000(35-30),26,6,^8,20Dec24,6^0.50f(A),(fillie)(Md)30000(30-20),20,2,7^14.50
1,4,Balladry,ESQUIVELE,Contreras Cipriano,10-1,77.0,51.0,12,2,1.0,0.0,0,0,10,1,22June25,6f,3(older)(fillie)(Clm)c-20000B,51,6,7^8,15May25,6^0.50f(s),3(older)(fillie)(Clm)c-20000B,59,3,2^4.5,22Apr25,6f,3(older)(fillie)(Clm)12500B,48,3,2^3.25,14Mar25,6f(A),3(older)(fillie)(Clm)15000(15-10)N3L,34,5,8^10,29Nov24,6f(C),3(older)(fillie)(Clm)50000B,59,2,8^9.25,13Nov24,6f,3(older)(fillie)(Clm)30000B,69,2,2^1.75,13Sept24,6f(c),3(older)(fillie)(Clm)30000B,51,2,8^10,29July24,6f,(fillie)(Alw)50000s N1X,66,5,5^6,21June24,6f(S),(fillie)(Clm)40000,79,3,1^4.25,31May24,6f,3(older)(fillie)(Clm)50000N2L,49,4,4^8.25,1May24,6^0.50f,(fillie)(Clm)40000,53,1,4^5.75,25Nov23,1(c),(fillie)(OC)100k/ N1X-N,23,3^1,^8
1,5,Tartaria,VAZQUEZRA,Amoss Thomas,7-2,56.0,75.0,9,2,1.0,0.0,2,0,9,2,4Dec25,6f(A)(c),3(older)(fillie)(Clm)40000,66,6,6^7,19Nov25,6f,3(older)(fillie)(Clm)c-20000B,49,3,5^3.75,30Oct25,6f,3(older)(fillie)(Clm)16000B,65,2,1^3.75,5Oct25,7f,3(older)(fillie)(Clm)20000B,44,1,5^15.25,13Sept25,6f,3(older)(fillie)(Clm)20000B,55,4,4^8.25,22July25,6f(C),3(older)(fillie)(OC)20k/N3L-N,62,6,1^1,8July25,1(s),3(older)(fillie)OC15k/SAL10k-N,55,1^1.5,3^1.75,27May25,6f,3(older)(fillie)(Clm)10000N2L,50,8,1^(nose),18Apr25,7f(s),3(older)(fillie)(Md)10000,56,2,1^2.75,21Mar25,6f(s),(fillie)(Md)15000,46,5,5^1,3Mar25,6f,(fillie)(Md)15000,46,6,5^4.5,8Feb25,6f,(fillie)(Md)15000,32,3,7^7.25
1,6,Quibble,BEJARANOR,Lauer Michael,20-1,43.0,87.0,6,0,0.0,0.0,1,0,1,0,15Oct25,1(S),3(older)(fillie)(state)(Alw)38000N1X,48,7^8.5,3^8,22Sept25,1,3(older)(fillie)(state)(Md)(Sp)(Wt)36k,50,6^11,1^5,28Aug25,1^0.0625,3(older)(fillie)(state)(Md)(Sp)(Wt)36k,40,6^4,4^3.75,10July25,1^70(s),3(older)(fillie)(state)(Md)(Sp)(Wt)36k,50,5^4,2^4,12June25,1(T),3(older)(fillie)(state)(Md)(Sp)(Wt)36k,34,11^10,8^8,15May25,6f(c),3(older)(fillie)(state)(Md)(Sp)(Wt)36k,48,10,3^5,30Apr25,5^0.50f,(fillie)(state)(Md)(Sp)(Wt)36k,50,11,3^2.5,1Aug24,5f,(fillie)(state)(Md)(Sp)(Wt)36k,7,11,10^13.75,5July24,5f,(fillie)(state)(Md)(Sp)(Wt)36k,-0,12,12^31.75,,,,,,,,,,,,,,,,,,
1,7,Payton'sBeauty,HARRK,Cline Robert,15-1,91.0,62.0,7,1,0.0,0.0,2,0,7,0,6Aug25,1,3(older)(fillie)(OC)20k/N2X-N,49,2^1,5^16,10July25,1(S),3(older)(fillie)(Alw)24075C,58,1^0.50,1^10,14June25,1,3(older)(fillie)(Md)(Sp)(Wt)23k,57,1^1,1^3,26May25,7^0.50f(T),3(older)(fillie)(Md)(Sp)(Wt)23k,57,4,3^2,26Apr25,6f,(fillie)(Md)30000,53,12,4^3.75,23Mar25,6f,(fillie)(Md)35000,51,9,3^7.5,9Mar25,6f,(fillie)(Md)30000,50,8,2^2.5,2Feb25,6f,(fillie)(Md)30000,42,8,4^7.25,3Jan25,6f,(fillie)(Md)30000(35-30),42,7,7^9,15Dec24,6f,(fillie)(Md)(Sp)(Wt)110k,31,7,^8,25Sept24,1(T)(S),(fillie)(Md)(Sp)(Wt)30k,11,6^2.75,5^13.50,12Sept24,6f,(fillie)(Md)(Sp)(Wt)29k,24,8,3^7.25
1,8,Miwoman,BEALMEARJC,Riecken Bruce,15-1,64.0,83.0,8,1,0.0,0.0,2,0,2,0,20Sept25,1,3(older)(fillie)(OC)12k/N1X-N,70,6^3,1^(head),3Sept25,6f(S),3(older)(fillie)(Alw)24410C,43,2,3^0.75,9Aug25,1(X),3(older)(fillie)(Alw)23500C,56,5^5.5,3^9.5,26July25,6f,3(older)(fillie)(Alw)23500C,57,3,3^4.75,10July25,1(S),3(older)(fillie)(Alw)24075C,36,4^3.5,4^13.25,7June25,1(s),3(older)(fillie)(Alw)23500C,50,5^6,4^8.5,12Sept24,1(S),3(older)(fillie)(OC)12k/N1X-N,60,4^4.5,3^4.25,17Aug24,7^0.50f(T)(S),3(older)(fillie)(Alw)30000C,58,7,6^9.75,22June24,1,3(older)(fillie)(Alw)30000C,63,5^2,2^(neck),2June24,1^70(T),3(older)(fillie)(Alw)30660C,50,10^7.75,9^10,26Apr24,1^0.0625(s),(fillie)(OC)100k/ N1X,71,4^2.5,2^2.5,29Mar24,1^0.0625,(fillie)(OC)125k/ N1X,66,9^6.25,7^7
1,9,WellAware,BACONTW,Hartman Chris,12-1,83.0,75.0,4,1,1.0,0.0,2,0,1,0,4Dec25,1(A),3(older)(fillie)(Clm)30000(30-20)N3L,49,8^7,7^13.75,16Nov25,1^0.0625,3(older)(fillie)(Clm)20000N2L,64,3^1.5,1^3,19Oct25,7fC,3(older)(fillie)(Md)20000,59,3,1^1,21Sept25,6f,3(older)(fillie)(Md)20000,54,4,5^6.5,23Aug25,5^0.50f(T),3(older)(fillie)(Md)(Sp)(Wt)100k,45,4,9^1,29Apr25,6^0.50f,3(older)(fillie)(Md)50000,49,2,4^8.5,26Mar25,6^0.50f,(fillie)(Md)35000,61,2,2^0.75,4Aug24,7f,(fillie)Moc 50000N,48,2,3^5.5,24June24,7^0.50f(T),(fillie)(Md)(Sp)(Wt)32k,17,10,6^17.25,,,,,,,,,,,,,,,,,,
1,10,MyBossyLady,ROSADOJ,Ortiz John,3-1,80.0,66.0,8,3,0.0,0.0,0,0,7,2,12July25,6f,3(older)(fillie)(Clm)c-30000B,61,2,3^4.75,22June25,6f,3(older)(fillie)(Clm)c-20000B,69,2,1^(head),17May25,1^0.0625(s),3(older)(fillie)(Clm)16000N2L,65,2^1.5,1^2.25,19Apr25,6f(C),(fillie)(Clm)30000,51,1,4^5.25,27Feb25,6f,3(older)(fillie)(Clm)20000(20-15)B,59,1,5^8.5,8Feb25,6f,(fillie)(Md)15000,48,2,1^4,10Jan25,5^0.50f(X),(fillie)Moc 50000(C),10,9,9^21,7Nov24,6f,(fillie)(Md)c-20000,34,4,3^5.75,19Oct24,6f,(fillie)Ë(Md)(Sp)(Wt)77k,40,4,8^17.25,,,,,,,,,,,,,,,,,,
2,1,SoundofVictory,ASMUSSENE,Asmussen Steven,7-2,89.0,75.0,12,4,0.0,0.0,0,0,7,2,13Dec25,1^0.0625,3(older)(Alw)39000N1X,79,2^2,1^(head),20Nov25,1,3(older)(Alw)39000N1X,77,4^3,3^4.75,16Oct25,1,3(older)(Clm)c-7500N3L,68,6^5.5,1^3.25,26Sept25,1^70(s),3(older)(Clm)c-7500N3L,64,5^3,3^1.25,4Aug25,1(S),3(older)(Clm)16000B,65,8^4.75,4^6.5,29June25,1,3(older)(Clm)20000N2L,71,4^5,1^(neck),6June25,1,3(older)(Clm)20000N2L,62,3^6,2^4.25,20Apr25,1,3(older)(Alw)33500N2L,52,5^6,6^13.75,28Mar25,1^0.0625,3(older)(Clm)32000N2L,59,10^9.25,9^8.75,9Mar25,1^70,3(older)(Md)(Sp)(Wt)40k,65,6^3.5,1^1.25,8Feb25,1,3(older)(Md)(Sp)(Wt)33k,56,6^8,2^1.5,22Nov24,1^0.0625(s),3(older)(Md)c-30000,61,6^4,4^5
2,2,CriticalThreat,BACONTW,Tracy Tanner,10-1,86.0,83.0,33,7,0.0,0.0,0,0,2,1,29Nov25,1^0.0625,3(older)(Clm)30000B,59,8^6.5,7^17.75,19Oct25,1^0.0625(s),3(older)(Clm)c-16000,83,2^0.50,1^(neck),17Sept25,1,3(older)(Clm)16000,71,3^1,4^4,8Aug25,1^0.125S,3(older)OC16k/SAL7k-N,72,5^1.25,3^1.5,13July25,1(S),3(older)(Clm)7500,78,3^1.5,1^1.75,15June25,6f,4(older)(Clm)12500,49,4,6^11.25,10May25,6f,4(older)(Clm)c-12500,55,4,9^10,12Apr25,6^0.50f,4(older)(Clm)40000,45,5,9^14.75,30Jan25,7f(c),4(older)OC25k/SAL16k-N,65,6,5^12.25,5Jan25,7f(c),4(older)OC25k/SAL20k-N,80,3,5^9.75,16Nov24,7f(c),3(older)(Alw)16000sC,80,7,4^2.25,1Sept24,7f,4(older)(Clm)c-16000,97,5,1^12.50
2,3,TahoeSunrise,SANTANARJR,Casse Norm,15-1,102.0,62.0,10,3,0.0,0.0,2,0,0,0,13Dec25,6f,3(older)(Clm)30000(30-25),33,7,10^22.75,28Aug25,7f(C),3(older)(Clm)50000-W,50,6,7^21,28Nov24,1,3(older)(Clm)c-50000,73,4^0.75,4^5,8Nov24,5f(T),3(older)(OC)75k/NC,77,7,6^4.75,24Aug24,6^0.50fS,3(older)(Clm)c-(40-35),83,3,3^3.5,1June24,7f(s),4(older)TrplBnd-G2,72,2,4^17,30Dec23,6^0.50f(T),3(older)Hernandz-G2,84,8,8^4.75,24Nov23,1(S),3(older)(OC)80k/N2X-N,85,4^1.5,1^(nose),3Sept23,1(C),ShrdBelifL125k,91,1^0.50,1^8,21July23,6^0.50f,3(older)(OC)40k/N1X-N,84,5,2^4.25,4June23,6f,3(older)(OC)50k/N1X-N,82,7,3^6,6May23,7f,LBrreraL98k,82,4,3^5.75
2,4,GlobalEmpire,HUCKABYR,Haran John,20-1,82.0,69.0,40,7,1.0,0.0,2,0,33,2,13Dec25,1^0.0625(s),3(older)(Clm)10000B,65,2^0.50,5^4.5,2Oct25,1^70(S),3(older)(Clm)5000B,57,4^2,2^6.5,11Sept25,1^70(s),3(older)(Clm)5000B,42,3^1,5^20.25,28Aug25,1^70(S),3(older)(Clm)5000B,52,1^(head),3^6,14Aug25,1^70(S),3(older)(Clm)5000B,59,4^2,3^5,31July25,1^70(s),3(older)(Clm)c-5000B,61,4^2,2^0.50,17July25,1^70,3(older)OC10k/SAL5k,60,6^9,5^11.75,6July25,1^70(S),3(older)(Clm)12500B,61,5^2.75,4^5.75,21June25,1^70,3(older)OC12k/SAL5k,32,1^(head),7^22.50,5June25,1^70,3(older)(Clm)25000,50,6^3.5,5^27.50,18May25,1^70,3(older)OC15k/SAL7k,66,4^4,3^4.75,4May25,1^70,3(older)OC15k/SAL7k-N,58,7^4.25,5^9
2,5,OneCoolDude,ESQUIVELE,Blair Jordan,20-1,112.0,47.0,18,5,3.0,0.0,2,0,3,0,23Nov25,6f(c),3(older)(Clm)12500,54,6,8^9,8Nov25,7f(C),3(older)(Clm)20000,42,7,10^18.25,12Oct25,7f,3(older)(Clm)16000,65,3,2^1,31May25,6f(c),4(older)(Clm)25000,62,6,9^7.5,12Oct24,6f(c),3(older)(Alw)20000sC,77,4,8^5.5,13Sept24,6f,3(older)(Alw)10000sC,68,9,7^5.25,29July24,6^0.50f,3(older)OC20k/SAL10k-N,89,4,2^0.50,21June24,6^0.50f,4(older)(Alw)10000sC,83,3,1^4.25,19May24,6^0.50f,4(older)(Clm)16000,83,2,1^2.5,6Mar24,6f(A),4(older)(Clm)v-(10-8),12,7,10^26.25,15Feb24,6^0.50f(A),4(older)(Clm)12500(12.5-10.5),69,2,3^2.5,5Nov23,6f(c),3(older)(Clm)v-32000,71,4,7^6.75
2,6,BoltAtMidnight,BEJARANOR,Hartman Chris,20-1,106.0,61.0,9,2,3.0,1.0,2,0,5,1,29Oct25,1^0.0625(X),3(older)(Clm)50000,-0,4^2,^3,21Sept25,6f,3(older)(Clm)40000,68,5,4^5.25,21June25,1^0.0625,3(older)(Alw)50000sN1X,70,5^2,4^9.25,1May25,1,3(older)(Alw)50000sN1X,67,2^(head),5^5.5,29Mar25,1^0.0625,4(older)(Alw)130000N1X,76,1^1,5^6.5,24Feb25,1,4(older)(Clm)40000(40-35)N3L,84,2^0.50,1^0.50,22Dec24,1^0.0625,3(older)(Clm)55000(55-50)N2L,80,2^0.50,1^(neck),23Nov24,1(s),3(older)(OC)40k/N1X-N,74,1^0.50,4^9,1Nov24,6^0.50f(c),3(older)(OC)40k/N1X-N,64,3,7^14.75,11May24,1^0.0625(T)(C),(OC)100k/N1X-N,62,8^5,10^10,5Apr24,7f(C),LafayetteB320k,39,4,^3,2Mar24,1^0.0625(A),JBttglaMmL142k,71,1^1,6^10
2,7,WartimeHero,TORRESCA,Wiggins Lon,3-1,93.0,74.0,28,8,0.0,0.0,1,1,19,6,5Dec25,7f(s),3(older)(Alw)5000sC,88,4,2^0.50,23Oct25,1,3(older)(Clm)c-5000,74,3^3,2^3,29Aug25,1(X),3(older)(Alw)39000N1X,76,4^2.5,1^(neck),9Aug25,1^0.0625,3(older)(Clm)c-5000,80,2^0.50,1^7.5,3July25,1^0.0625,3(older)(Clm)c-5000B,69,3^2,1^1,7June25,1^0.0625(s),3(older)(Clm)c-5000B,67,5^6,2^1.25,3May25,1^0.0625(C),3(older)(Clm)12500B,63,11^12,8^9.25,24Apr25,1,4(older)(Clm)12500B,59,6^6,2^2.5,27Dec24,1^0.0625,3(older)(Clm)c-8000B,65,8^5.5,2^4.75,6Dec24,1^.1875,3(older)(Alw)10000sC,69,9^8.25,5^9,26Aug24,1^70,3(older)(Alw)20000N1X,62,6^10,5^12.50,15July24,1(T)(S),3(older)(Clm)12500B,75,4^7,1^1
2,8,Runningforcash,CEDILLOA,Martinez Ralph,10-1,89.0,77.0,26,5,0.0,0.0,0,0,12,3,3Nov25,1,3(older)(Clm)6500N2Y,76,3^3.5,1^7.5,18Oct25,1^0.0625C,3(older)(Clm)6250,76,4^2.5,1^3.5,22Sept25,1,3(older)(Clm)5000B,63,7^5,3^1.25,8Sept25,1,3(older)(Clm)5000B,64,6^1.75,1^5.25,23Aug25,1^70,3(older)(OC)10k/N1X,43,6^4.5,6^16.25,1Aug25,7f,3(older)(Clm)10000,62,9,6^2.75,21June25,1^70,3(older)OC12k/SAL5k,58,3^2,5^7,17May25,6f,3(older)(OC)25k/N2X,28,6,7^26.75,13Apr25,1^70,3(older)(Alw)32000N1X,56,1^1,4^10,30Nov24,7f,3(older)OC15k/SAL7k,50,6,8^16.50,2Nov24,1,3(older)(OC)c-10k/C,62,1^0.50,4^5.25,17Oct24,1,3(older)(OC)c-10k/C,71,2^1,2^(head)
2,9,HotGunner,TRIANAAJR,Young Scott,20-1,74.0,93.0,17,2,0.0,0.0,0,0,4,0,15Nov25,1^0.0625(X),3(older)(Alw)30000sC,58,5^2.75,4^14.75,25Oct25,1(X),3(older)(Clm)30000N3L,67,6^5,1^1.5,28Sept25,1^0.125,OkDrby-G3,57,6^4,5^28.50,13Sept25,1,3(older)(Alw)40000N3L,69,4^1.5,4^3.75,22June25,1(S),(OC)50k/N2L,64,5^4,5^5.75,7June25,1,PraireMle50k,67,5^7,5^9.5,24May25,1,(OC)50k/N2L,68,4^2.5,3^0.50,19Apr25,1^0.125,BthHseRowB200k,59,6^7,^3,22Mar25,1^70,^3 TXTBAsnDy109k,77,9^7.25,2^(neck),23Feb25,1^0.0625,Rebel-G2,63,10^15,11^1,19Jan25,1,(Alw)34500N2L,62,7^3.75,1^(head),4Jan25,1^0.0625,SmrtyJnsL250k,64,6^2.25,6^12.25
2,10,Coppermaster,MENDOZAA,Garci^5 Genaro,15-1,62.0,113.0,21,3,1.0,0.0,2,0,8,0,23May25,1^0.0625,4(older)(Clm)c-25000,57,6^4.5,7^17,16Apr25,1^0.0625,4(older)(Clm)32000,70,6^7.25,4^8.25,1Mar25,1^0.0625(C),4(older)(Alw)53000N1X,74,8^6.5,^3,1Feb25,1^0.0625,4(older)(Alw)59000N1X,78,8^5,4^6.5,4Jan25,1^0.0625(C),4(older)(Alw)59000N1X,78,8^11,3^3.5,7Dec24,1^0.0625,3(older)(Alw)59000N1X,77,6^7,4^3,7Nov24,1^0.0625S,3(older)(Clm)50000,64,7^8.5,6^14.50,11Oct24,7f(s),3(older)(Clm)c-25000,73,3,4^3.75,17Aug24,1(s),3(older)(Clm)35000B,68,7^4.75,2^10,19July24,1(S),3(older)(OC)25k/N1X-N,71,5^7,3^11.50,22June24,1,3(older)Hcp 75000,62,8^5.75,6^11.50,14Apr24,1,3(older)(OC)35k/N1X-N,84,6^4.5,3^5.5
2,11,Winter'sGhost,ARRIETAF,Potts Wayne,5-1,98.0,64.0,32,6,2.0,0.0,4,0,12,5,13Dec25,1^0.0625(s),3(older)(Clm)10000B,72,1^0.50,1^(head),13Nov25,1^0.125S,3(older)(Clm)10000,51,1^(head),4^14.25,19Oct25,6f(c),3(older)(Clm)12500,45,2,6^12,8Aug25,1(S),3(older)(Clm)c-12500,72,2^1,3^4.5,31July25,1^0.125,3(older)(Clm)12500,76,2^1.5,3^8.75,6July25,1^0.125,3(older)(Clm)12500,73,4^1.5,4^3.25,14June25,1,4(older)(Clm)c-10000,58,2^0.50,5^8.25,25May25,1(C),4(older)(Clm)20000,77,6^1.75,3^3.75,10May25,1(S),4(older)(Clm)10000,78,1^(head),3^7.25,18Jan25,1,4(older)(Clm)16000B,74,2^1.5,2^6.5,2Jan25,1,4(older)(Clm)10000,64,1^(head),3^6.5,6Dec24,1(C),3(older)(Clm)c-10000,66,4^2,2^5.5
2,12,ApolloRising,VAZQUEZRA,Ramirez-Rodriguez Abel,4-1,92.0,83.0,15,5,0.0,0.0,3,0,6,3,8Aug25,1^70,3(older)(Clm)c-20000B,85,3^1,1^3,4July25,1^70(s),3(older)(Alw)45638N1X,67,4^8,4^6.25,21June25,1,3(older)(OC)20k/N1X-N,73,6^3,2^2,30Apr25,1(T),4(older)(OC)16k/N1X-N,68,6^7,6^5.75,7Feb25,1,4(older)WnshmLad65k,76,2^(head),3^3.25,1Dec24,1^.1875,3(older)(Alw)50000sN1X,72,2^1.5,3^4.25,13Nov24,1^0.0625,3(older)(Alw)50000sN1X,72,5^3,3^1.75,23Oct24,1^.1875(S),3(older)(Alw)50000sN1X,84,4^3,2^1,7June24,1^0.0625,4(older)(Alw)20000sC,80,3^3.5,1^0.75,12May24,1^0.125(T),3(older)(Alw)122435N1X,78,4^5,2^1.25,29Mar24,1^0.125(c),4(older)(Alw)50000sN1X,78,5^3.5,3^1.5,2Mar24,1^0.125(s),4(older)(Alw)50000sN1X,76,3^1,2^0.50
2,13,BigPaper,MENDOZAA,Van Berg,20-1,57.0,90.0,15,5,6.0,0.0,13,1,13,4,5Dec25,1^0.125(A)(C),3(older)(Clm)16000(16-14),53,9^7.25,9^9.5,9Nov25,1^0.0625,3(older)(Clm)12500,63,6^7.5,2^1.25,2Oct25,1,3(older)(Clm)5000,64,4^3.5,1^1,17Sept25,1^70S,3(older)(Clm)5000B,53,3^2,1^1,29Aug25,1^70,3(older)(Clm)5000N1Y,53,5^5.5,1^7.25,1Aug25,1(s),3(older)(Clm)5000B,48,6^5,4^7.5,18May25,1^0.0625(s),4(older)(Clm)16000,52,6^6.5,6^16.50,24Feb25,1^0.0625,4(older)(Clm)20000N1Y,73,7^7.75,3^2.75,6Dec24,1^.1875,3(older)(Alw)10000sC,59,12^12,10^16,18Oct24,1^0.125(c),3(older)(Alw)10000sC,71,10^8,5^5.75,17Aug24,1(T),3(older)OC20k/SAL10k-N,69,8^16,9^8,5May24,1^.375,3(older)(Alw)10000sC,73,10^17,5^5.75
2,14,ComeOutFighting,TORRESCA,Williams Sean,15-1,109.0,53.0,13,5,9.0,2.0,2,0,0,0,9Nov25,1,3(older)(Clm)c-(16-14),49,4^(neck),7^15,26Sept25,1,3(older)(Clm)10000,84,4^2,1^0.50,28Aug25,5^0.50f(c),3(older)(Clm)8000(8-7),60,8,5^7,25July25,5^0.50f(c),3(older)(Clm)16000(16-14),60,5,6^6.5,5July25,6^0.50f(c),3(older)OC12k/SAL10k-N,44,6,8^14.75,21Feb25,6f(T),4(older)ËOC20k/SAL16k-N,62,6,7^1,7Feb25,6f,4(older)OC20k/SAL16k-N,65,4,5^7.75,30Dec24,6f,3(older)(Alw)12500sC,74,7,2^1,15Dec24,6f,(Clm)25000(25-22.5),71,3,1^(nose),24Nov24,5^0.50f,(Clm)22500 (25-22.5),71,1,1^1.5,3Nov24,6f,(Clm)16000 (16-14),68,3,1^0.50,21Sept24,6f,(Clm)10000(10-9),62,6,1^1.75
3,1,MissJeopardy,MENDOZAA,Garci^5 Genaro,4-1,73.0,63.0,11,4,1.0,0.0,1,0,10,3,5Aug25,1^0.0625(X)(S),3(older)(fillie)OC12k/SAL8k-N,61,2^1,3^5,3July25,1^0.0625(s),3(older)(fillie)(Clm)12500B,60,1^1,1^2.25,14June25,wf^S,3(older)(fillie)(Clm)5000B,50,6,3^13.50,7June25,6f,4(older)(fillie)(Clm)16000,61,3,5^7.25,10May25,6^0.50f,4(older)(fillie)(Clm)20000,58,3,6^6.25,28Mar25,6f,4(older)(fillie)(Clm)32000N2Y,42,3,9^15.25,22Dec24,1,3(older)(fillie)(Clm)c-(20-17.5),52,2^0.50,5^11.25,29Nov24,7f,3(older)(fillie)(Clm)30000B,72,1,1^3,13Nov24,6f,3(older)(fillie)(Clm)30000B,60,4,3^5.75,12Oct24,6f(C),3(older)(fillie)(Clm)c-20000B,56,2,5^7.25,12Sept24,6f,3(older)(fillie)(OC)12k/N1X-N,69,3,1^(neck),21June24,6f(S),(fillie)(Clm)c-40000,69,1,2^4.25
3,2,SingingEmma,DELACRUZW,Loy F,12-1,97.0,46.0,32,5,0.0,0.0,0,0,27,6,21Sept25,6f(S),3(older)(fillie)(Alw)8000sC,50,3,4^12,29Aug25,6f,3(older)(fillie)(Alw)35500N1X,51,2,5^9,18Aug25,5f,3(older)(fillie)(Alw)37204 N1X,50,4,4^5.75,20July25,6f,3(older)(fillie)(Clm)12500B,68,3,1^(head),7June25,5^0.50f,3(older)(fillie)(Alw)37190N1X,56,6,6^6.75,17May25,5^0.50f,3(older)(fillie)(Alw)35500N1X,49,4,4^6,10May25,5^0.50f,4(older)(fillie)(Alw)40794NC,60,1,6^8.75,2May25,6f(c),3(older)(fillie)(Alw)12500sC,51,4,5^6.5,30Mar25,6f,4(older)(fillie)(Clm)10000B,58,1,1^0.75,9Mar25,6f(c),3(older)(fillie)(Clm)8000B,46,9,4^4.5,2Mar25,1,3(older)(fillie)(Clm)8000B,33,2^(head),^3,16Feb25,6f(C),3(older)(fillie)(Clm)12500B,34,1,11^10
3,3,What'sCrackin,ARRIETAR,Irion Heather,12-1,96.0,54.0,10,3,3.0,1.0,5,1,6,1,11Nov25,6f,3(older)(fillie)OC8k/SAL5k,54,2,7^6,16Oct25,6f,3(older)(fillie)(Alw)36960N1X,49,5,5^12.75,2Sept25,1,3(older)(fillie)(OC)10k/N1X-N,66,1^(head),1^(neck),24Aug25,6f,3(older)(fillie)(Clm)c-10000,64,2,2^0.75,2Aug25,5^0.50f,3(older)(fillie)(Clm)7500,57,1,2^0.50,4July25,7f(c),3(older)(fillie)(Alw)33500N1X,51,3,4^8.25,21June25,5f(T),3(older)(fillie)OC20k/SAL15k-N,63,8,5^4,6June25,1(T)(C),3(older)(fillie)(Clm)c-15000,62,1^3,7^6,10May25,6^0.50f,3(older)(fillie)(Clm)c-7500B,70,1,1^4.25,19Apr25,4^0.50f,3(older)(fillie)OC10k/SAL7k-N,51,5,MedellinA,21Mar25,6f,3(older)(fillie)(Alw)33600C,58,2,6^10,30Jan25,6f,3(older)(fillie)(Clm)c-7500N3L,67,1,1^7
3,4,IukaMiss,VAZQUEZRA,Mason Ingrid,8-1,98.0,67.0,19,3,0.0,0.0,3,0,4,0,6Dec25,1,3(older)(fillie)(Alw)39000N1X,53,1^(head),7^10,21Nov25,1(C),3(older)(fillie)(Clm)10000N3L,63,1^0.50,1^5,31Oct25,7f,3(older)(fillie)(Clm)10000N3L,51,7,4^3,11Oct25,1^0.0625S,3(older)(fillie)(Clm)c-10000N3L,54,2^1.5,4^4.75,6Sept25,7^0.50f(T),3(older)(fillie)(Clm)30000N3L,62,2,4^5,30Aug25,5f(X),3(older)(fillie)(Clm)20000N3L,-,7,4^3,8Aug25,7f,3(older)(fillie)(Clm)20000N3L,48,1,6^10,5May25,6f,3(older)(fillie)(Alw)23000 N1X,67,5,1^1.25,21Apr25,1,3(older)(fillie)(Alw)23000N1X,58,5^2.5,3^10,12Dec24,7f,3(older)(fillie)(Alw)10000sC,53,7,6^12.75,26Nov24,6f(S),3(older)(fillie)(Clm)20000B,50,6,6^5.75,8Nov24,1(X),3(older)(fillie)(Clm)30000N3L,57,3^2,4^4.25
3,5,FirstHill,HUCKABYR,Haran John,8-1,104.0,47.0,15,3,6.0,1.0,6,1,17,5,14Dec25,6f,3(older)(fillie)(Clm)30000(30-25),55,5,6^8.25,23Sept25,6f,3(older)(fillie)(Clm)15000(15-10)B,64,5,3^4.5,21Aug25,6f(c),3(older)(fillie)OC20k/SAL16k-N,46,3,8^18.75,7Aug25,5^0.50f,3(older)(fillie)(OC)40k/C,38,7,6^14.25,26June25,6f,3(older)(fillie)(OC)40k/C,41,1,6^11.50,29May25,5f,3(older)(fillie)(OC)40k/(C),41,10,8^11,2May25,6f,4(older)(fillie)(OC)35k/N1X-N,54,2,8^8.25,19Apr25,6f(c),4(older)(fillie)(Alw)131000N1X,12,6,10^31.75,1Feb25,6f,4(older)(fillie)AmrcnButyL150k,44,2,6^17.50,18Jan25,6f,4(older)(fillie)(OC)35k/N1X-N,46,10,10^17,7Dec24,6f,3(older)(fillie)(Alw)131000N1X,61,6,7^7.5,18Aug24,6f,3(older)(fillie)(OC)c-50k/C,61,5,3^8
3,6,CollectedGlory,TORRESCA,Martin William,5-2,88.0,55.0,22,3,0.0,0.0,1,0,26,2,20July25,6f,3(older)(fillie)(Clm)v-12500B,67,1,2^(head),16June25,6f,3(older)(fillie)(Clm)30000N3X,58,3,3^3.5,1June25,5^0.50f(s),3(older)(fillie)(Clm)20000N3L,60,2,1^0.50,19May25,1,3(older)(fillie)(Clm)20000N3L,48,2^1.5,5^7,2May25,6f(c),3(older)(fillie)(Alw)12500sC,56,1,4^4.75,12Apr25,6f,3(older)(fillie)(Clm)c-(12.5-10)B,63,4,3^1.75,21Mar25,6f(S),4(older)(fillie)(Clm)12500N3L,47,3,4^10,9Mar25,6f,3(older)(fillie)(Clm)20000B,61,3,2^3.5,16Feb25,6f(C),3(older)(fillie)(Clm)c-12500B,57,10,2^(neck),23Jan25,6f(c),4(older)(fillie)(Clm)30000(35-30)N3L,39,4,8^17,9Sept24,6f,3(older)(fillie)(Alw)36500N3L,65,5,6^4,26Aug24,6f,3(older)(fillie)(Alw)35500N1X,57,5,4^6.75
3,7,CrushedIce,TORRESJA,Kantarmaci Mertkan,8-1,92.0,80.0,17,2,3.0,0.0,1,0,6,0,28Nov25,1(C),3(older)(fillie)(Clm)25000,49,6^3.75,5^8.25,6Nov25,1,3(older)(fillie)(Clm)c-20000,59,3^1.5,4^5,12Oct25,1^0.0625,3(older)(fillie)(Clm)25000,65,1^0.50,3^1.75,6Sept25,1(T),3(older)(fillie)(Alw)200548N1X,60,1^0.50,8^11,28July25,6f(s),3(older)(fillie)(Alw)42160N1X,60,4,4^7.25,27June25,6^0.50f(S),4(older)(fillie)(Clm)20000,62,4,2^2.75,11June25,7f(s),3(older)(fillie)(Alw)50000sN1X,39,3,8^22,22May25,1,3(older)(fillie)(Alw)125785N1X,42,5^1.75,7^16.25,20Nov24,1^0.0625,3(older)(fillie)(Alw)50000sN1X,39,2^0.50,6^26.25,28Oct24,1,3(older)(fillie)(Alw)46240N1X,52,9^8.75,5^10,17Oct24,1^0.125,3(older)(fillie)(Alw)110000N1X,48,4^2.5,6^22.75,31Aug24,7f,3(older)(fillie)(Alw)110000N1X,47,9,9^20.50
3,8,SicilianGrandma,HERNANDEZI,Tranquilino Santiago,12-1,74.0,66.0,15,6,0.0,0.0,4,0,5,2,13Sept25,5f,3(older)(fillie)(Clm)7500B,46,4,3^6.5,27Aug25,6f,3(older)(fillie)(Clm)4000B,65,2,1^4,2Aug25,5^0.50f,3(older)(fillie)(Clm)4000B,37,6,4^9,2July25,1^70(T),Õ3(older)(fillie)(Clm)7500B,50,3^(neck),6^8.75,15June25,6f(S),3(older)(fillie)(Clm)7500(10-7.5)B,63,4,1^0.50,25May25,1(T),3(older)(fillie)(Clm)7500B,50,6^4.75,6^6.75,27Apr25,1^0.0625C,4(older)(fillie)(Clm)10000N2Y,37,3^2,8^20,7Feb25,1^0.0625(c),4(older)(fillie)(Clm)12500B,34,6^4.25,10^26,5Jan25,1(c),4(older)(fillie)(Alw)130000N1X,34,1^(head),10^24.75,15Dec24,1^0.0625C,3(older)(fillie)(Alw)130000N1X,23,1^1,^3,28Oct24,1,3(older)(fillie)(Alw)46240N1X,43,3^1,7^16,4Feb24,1^0.0625C,3(older)(fillie)(Alw)30000sN1X,22,4^3,7^30.50
3,9,DixiePenny,ARRIETAF,Hernandez Armando,3-1,100.0,38.0,48,11,0.0,0.0,1,0,40,8,2Nov25,6f,3(older)(fillie)(Clm)4000N2Y,59,2,2^1.5,18Oct25,6f,3(older)(fillie)(Alw)5000sC,53,1,3^1.25,11Sept25,6f(S),3(older)(fillie)(Clm)6250,61,2,1^2.5,2Aug25,6f,3(older)(fillie)(OC)10k/N1X,47,4,5^8,17July25,6f(S),3(older)(fillie)(Clm)5000B,63,4,1^1.75,18May25,6f,3(older)(fillie)OC10k/SAL5k-N,52,4,4^9,4May25,6f,3(older)(fillie)(Clm)7500B,61,2,1^1.25,13Apr25,5^0.50f,4(older)(fillie)(Clm)c-5000B,48,5,2^0.50,30Mar25,5f(s),4(older)(fillie)(Clm)c-5000B,50,2,2^7,16Feb25,6f,3(older)(fillie)(Clm)12500B,43,1,9^10,24Jan25,6f(c),4(older)(fillie)(Clm)10000,41,5,6^13.25,21Dec24,6f(c),3(older)(fillie)(Clm)8000(10-8),49,2,6^4.75
4,1,MagicalWish,ESQUIVELE,McPeek Kenneth,5-1,96.0,71.0,1,0,0.0,0.0,0,0,0,0,18Jan25,1^0.0625,(Md)(Sp)(Wt)60k,45,3^3.5,^3,26Dec24,6f,(Md)(Sp)(Wt)58k,66,9,4^13.25,,,,,,,,,,,,,,,,,,,,,,,,,,,,,,,,,,,,,,,,,,,,,,,,,,,,,,,,,,,,
4,2,NuWhat'sNew,SAEZL,DiVito James,5-2,85.0,78.0,4,0,0.0,0.0,1,0,0,0,22Oct25,6f(c),3(older)(Md)(Sp)(Wt)109k,75,9,3^7.75,3Oct25,7f,3(older)(Md)(Sp)(Wt)109k,88,6,3^(neck),13Sept25,6f,3(older)(Md)(Sp)(Wt)123k,84,8,2^(neck),15June25,1(T),3(older)(Md)(Sp)(Wt)117k,59,9^7.5,7^11,18May25,6f,3(older)(Md)(Sp)(Wt)123k,63,8,6^9.75,,,,,,,,,,,,,,,,,,,,,,,,,,,,,,,,,,,,,,,,,,
4,3,Globalist,ROSADOJ,Asmussen Steven,15-1,88.0,71.0,6,0,0.0,0.0,1,0,4,0,18Dec25,7f,3(older)(Md)(Sp)(Wt)38k,72,7,2^6.25,16Nov25,7^0.50f,3(older)(Md)100000,60,7,7^7,2Nov25,6f,3(older)(Md)c-50000,58,5,6^3.5,25Sept25,1,3(older)(Md)c-50000,66,1^0.50,3^1.5,11Sept25,1^0.0625(T)(S),3(older)(Md)(Sp)(Wt)32k,64,6^4.5,3^4.25,26June25,1,(Md)(Sp)(Wt)32k,70,6^4,3^7,24Apr25,1,(Md)(Sp)(Wt)32k,73,4^2,2^(neck),,,,,,,,,,,,,,,,,,,,,,,,,,,,,,
4,4,ElevenBravo,TRIANAAJR,Young Bob,20-1,100.0,81.0,2,0,2.0,0.0,7,0,2,0,22Nov25,1^0.0625(A),3(older)(Md)(Sp)(Wt)50k,52,3^1,6^16,19Oct25,1(T),3(older)(Md)(Sp)(Wt)50k,66,7^6,5^3.5,28Aug25,1(T),3(older)(Md)(Sp)(Wt)180k,53,2^1.5,7^18.50,27July25,1^70(A)(S),3(older)(Md)(Sp)(Wt)43k,72,3^(neck),2^0.50,28June25,1^0.0625(T),3(older)(Md)(Sp)(Wt)43k,75,5^3.5,2^2.25,10May25,1(T)(S),(Md)(Sp)(Wt)43k,75,3^2,2^0.50,30Mar25,1(T),(Md)(Sp)(Wt)70k,71,5^4,4^2.75,8Mar25,1(T),(Md)(Sp)(Wt)70k,71,9^5.75,5^3.25,8Feb25,1(T)(s),(Md)(Sp)(Wt)70k,63,4^2,7^5,14Dec24,1,(Md)(Sp)(Wt)39k,40,8^6.5,6^19.50,16Nov24,1,(Md)(Sp)(Wt)40k,52,7^4,5^11.75,,,,,,
4,5,Publisher,ASMUSSENE,Asmussen Steven,6-5,82.0,104.0,7,0,0.0,0.0,0,0,1,0,20Nov25,1^0.0625(s),3(older)(Md)(Sp)(Wt)85k,85,4^2.5,2^2.25,28Sept25,1^0.125,OkDrby-G3,86,5^4,4^8.5,5July25,1^0.0625S,IndnaDby-G3,93,5^5,4^1.75,3May25,12(c),KyDerby-G1,61,15^6.75,14^32.25,29Mar25,1^0.125C,ArkDerby-G1,95,9^11,2^2.5,23Feb25,1^0.0625,Rebel-G2,86,11^15,4^3.75,25Jan25,1^0.0625(c),Southwst-G3,81,6^3.5,7^7.75,29Dec24,1^0.0625C,(Md)(Sp)(Wt)110k,92,5^2,2^1.5,22Nov24,1^0.0625,(Md)(Sp)(Wt)118k,66,5^2.5,3^3,27Sept24,1,(Md)(Sp)(Wt)122k,60,5^4.5,3^2.25,12Aug24,7f,(Md)(Sp)(Wt)71k,67,4,3^2.75,,,,,,
4,6,FightTime,ARRIETAF,Compton Greg,20-1,80.0,68.0,1,0,1.0,0.0,0,0,0,0,6Dec25,6f(A),3(older)(Md)(Sp)(Wt)100k,66,12,7^2.25,26Nov25,6f(c),3(older)(Md)c-75000,71,11,4^2.25,,,,,,,,,,,,,,,,,,,,,,,,,,,,,,,,,,,,,,,,,,,,,,,,,,,,,,,,,,,,
4,7,BonTemps,DELACRUZW,Contreras Cipriano,30-1,92.0,69.0,8,0,,,2,0,2,0,16Nov25,7^0.50f,3(older)(Md)100000,32,5,^3,23Oct25,1^0.0625S,3(older)(Md)c-50000,32,8^6.5,8^37.75,26Sept25,1(T),3(older)(Md)75000,55,5^2.5,5^9,11Aug25,1^0.0625(T),3(older)(Md)50000,64,6^2.75,2^8,13June25,1,3(older)(Md)100000,69,1^0.50,3^10,3May25,7f(c),3(older)(Md)(Sp)(Wt)117k,59,1,6^17.25,29Mar25,6f,(Md)(Sp)(Wt)110k,55,7,9^10,7Mar25,1^0.0625,3(older)(Md)(Sp)(Wt)110k,67,1^1,5^2.75,8Feb25,6f,3(older)(Md)(Sp)(Wt)110k,64,3,5^8.25,25Jan25,1^0.0625(c),Southwst-G3,39,2^1,^8,4Jan25,1^0.0625,SmrtyJnsL250k,76,4^1.75,4^5,21Dec24,6f,(Md)(Sp)(Wt)110k,61,7,4^5.5
4,8,Barker,VAZQUEZRA,Davis Christopher,12-1,96.0,72.0,3,0,0.0,0.0,1,0,1,0,16Nov25,7^0.50f,3(older)(Md)100000,67,1,3^3.5,22Oct25,6f(c),3(older)(Md)(Sp)(Wt)109k,64,12,7^12.75,13Sept25,6f,3(older)(Md)(Sp)(Wt)123k,76,11,7^4,28Aug25,1(T),3(older)(Md)(Sp)(Wt)180k,69,4^2,6^10,,,,,,,,,,,,,,,,,,,,,,,,,,,,,,,,,,,,,,,,,,,,,,,,
4,9,MysticalMerlin,JARAF,Schultz Lindsay,20-1,108.0,47.0,3,0,,,0,0,1,0,8Oct25,5^0.50f,3(older)(Md)(Sp)(Wt)50k,63,1,3^4.25,31Aug25,6f,3(older)(Md)(Sp)(Wt)56k,70,1,2^(neck),3Aug25,6f(s),3(older)(Md)25000(25-20) -W,71,2,2^0.50,11July25,1,3(older)(Md)(Sp)(Wt)51k,65,5^4,5^4.75,,,,,,,,,,,,,,,,,,,,,,,,,,,,,,,,,,,,,,,,,,,,,,,,
4,10,Wobbegong,TORRESCA,Shorter Aaron,12-1,102.0,49.0,3,0,0.0,0.0,0,0,0,0,26Nov25,6f(c),3(older)(Md)75000,73,9,2^1.25,29Oct25,6f,3(older)(Md)c-30000,68,10,2^(neck),24Sept25,6f,3(older)(Md)20000,70,4,2^2,17Aug25,6f,3(older)(Md)(Sp)(Wt)100k,40,1,10^27.25,27June25,6^0.50f,3(older)(Md)(Sp)(Wt)122k,38,3,11^20.50,,,,,,,,,,,,,,,,,,,,,,,,,,,,,,,,,,,,,,,,,,
5,1,BestFlatOut,ESPINOZAA,Prather John,9-2,,,0,0,0.0,0.0,0,0,0,0,,,,,,,,,,,,,,,,,,,,,,,,,,,,,,,,,,,,,,,,,,,,,,,,,,,,,,,,,,,,,,,,,,,,,,,,
5,2,Yancopin,TORRESCA,Witt II,7-2,,,0,0,,,0,0,0,0,,,,,,,,,,,,,,,,,,,,,,,,,,,,,,,,,,,,,,,,,,,,,,,,,,,,,,,,,,,,,,,,,,,,,,,,
5,3,RokuNana,DELACRUZW,Loy F,30-1,,,0,0,,,0,0,0,0,,,,,,,,,,,,,,,,,,,,,,,,,,,,,,,,,,,,,,,,,,,,,,,,,,,,,,,,,,,,,,,,,,,,,,,,
5,4,IgnitingEmbers,HARRK,Rengstorf Tony,6-1,75.0,35.0,4,0,0.0,0.0,0,0,2,0,13Dec25,6f,(state)(Md)(Sp)(Wt)100k,34,4,9^14.75,3Sept25,6f,(Md)(Sp)(Wt)23k,45,4,2^0.75,27July25,5f,(Md)(Sp)(Wt)24k,19,6,5^12,3July25,4^0.50f,(Md)(Sp)(Wt)23k,49,5,HarrK,,,,,,,,,,,,,,,,,,,,,,,,,,,,,,,,,,,,,,,,,,,,,,,,
5,5,Bernardi,HUCKABYR,Martin Timothy,20-1,,,0,0,,,0,0,0,0,,,,,,,,,,,,,,,,,,,,,,,,,,,,,,,,,,,,,,,,,,,,,,,,,,,,,,,,,,,,,,,,,,,,,,,,
5,6,ArkansasDave,TRIANAAJR,Haran John,15-1,46.0,38.0,1,0,0.0,0.0,0,0,0,0,29Nov25,5f,(Md)20000,20,9,5^13.25,,,,,,,,,,,,,,,,,,,,,,,,,,,,,,,,,,,,,,,,,,,,,,,,,,,,,,,,,,,,,,,,,,
5,7,BaliDeen,POSTONAK,Gonzalez Jaime,8-1,,,0,0,0.0,0.0,0,0,0,0,,,,,,,,,,,,,,,,,,,,,,,,,,,,,,,,,,,,,,,,,,,,,,,,,,,,,,,,,,,,,,,,,,,,,,,,
5,8,MidnightWhirl,BEJARANOR,Morse Randy,2-1,66.0,54.0,1,0,0.0,0.0,0,0,0,0,13Sept25,6^0.50f,(Md)50000,32,10,6^15,,,,,,,,,,,,,,,,,,,,,,,,,,,,,,,,,,,,,,,,,,,,,,,,,,,,,,,,,,,,,,,,,,
5,9,Monadnock,BEALMEARJC,Silv^5 Miguel,20-1,,,0,0,0.0,0.0,0,0,0,0,,,,,,,,,,,,,,,,,,,,,,,,,,,,,,,,,,,,,,,,,,,,,,,,,,,,,,,,,,,,,,,,,,,,,,,,
5,10,Huckaby,ROMANEA,Moquett Ronald,15-1,36.0,66.0,1,0,0.0,0.0,0,0,1,0,31Oct25,6f,(Md)50000,28,8,6^12.75,,,,,,,,,,,,,,,,,,,,,,,,,,,,,,,,,,,,,,,,,,,,,,,,,,,,,,,,,,,,,,,,,,
5,11,Brysonards,GARCIAE,Milligan Allen,30-1,,,0,0,0.0,0.0,0,0,0,0,,,,,,,,,,,,,,,,,,,,,,,,,,,,,,,,,,,,,,,,,,,,,,,,,,,,,,,,,,,,,,,,,,,,,,,,
5,12,ArcoThunder,ELLIOTTJ,Dixon Tim,30-1,59.0,39.0,4,0,,,0,0,1,0,13Dec25,6f,(state)(Md)(Sp)(Wt)100k,27,9,10^17.75,19Nov25,5f,(Md)(Sp)(Wt)36k,21,8,4^10,24Oct25,5f,(Md)(Sp)(Wt)41k,16,7,6^12,25Aug25,5f,(Md)(Sp)(Wt)20k,9,4,5^12,,,,,,,,,,,,,,,,,,,,,,,,,,,,,,,,,,,,,,,,,,,,,,,,
6,1,ElDiabloRojo,ARRIETAF,Williams Sean,4-1,79.0,81.0,45,7,0.0,0.0,9,0,19,0,29Aug25,5^0.50f(c),3(older)(Alw)16000s,78,7,1^1.5,17Aug25,6f,3(older)(Clm)20000(20-18),72,5,4^3.5,6July25,5f(X),3(older)OC17k/SAL12k,81,9,1^0.75,26Apr25,6f,4(older)(Clm)20000N2Y,77,7,2^(nose),6Apr25,6fC,4(older)(Alw)12500sN2Y,67,6,7^5.5,8Mar25,wf^S,4(older)(Alw)12500sN2Y,79,11,3^2.25,26Jan25,6f,4(older)(Alw)10000sC,74,4,5^3.25,27Dec24,6f,4(older)(Alw)10000sC,76,5,2^2.25,7Dec24,5^0.50f,4(older)(Alw)10000sC,84,6,1^0.50,15Nov24,5^0.50f(c),3(older)OC10k/SAL8k,73,8,2^3.25,6Sept24,5^0.50f,3(older)(Clm)12500(12.5-10.5),74,10,5^6.75,16Aug24,6^0.50f,3(older)(Clm)16000(16-14),55,8,9^12.50
6,2,CaramelChip,TORRESCA,Kantarmaci Mertkan,9-2,91.0,79.0,38,9,1.0,0.0,6,0,14,5,30Nov25,7f(c),3(older)(OC)100k/N3X,79,7,8^7.25,14Nov25,7f,3(older)(Clm)c-50000,80,1,3^3,30Oct25,1,3(older)(OC)100k/C,78,3^1,7^9.25,20Sept25,6^0.50f,4(older)PrxSprintB150k,84,4,6^2,19Aug25,6^0.50f,4(older)StatRepSpB75k,83,6,2^2.75,18July25,1Ñ,3(older)(OC)100k/C-N,78,8^6.25,5^7.25,28June25,6f(S),3(older)DeFrncsML168k,85,4,3^1.75,16May25,6^0.50f,3(older)(OC)175k/N2Y,93,2,2^1.5,1May25,6f,3(older)(OC)100k/N3X-N,-,6,-,8Apr25,7f,4(older)Cmnwlth-G3,81,7,6^7.75,1Mar25,7f,4(older)(OC)62k/C-N,92,1,1^(neck),8Feb25,6fS,4(older)PelicanL100k,82,1,2^(neck)
6,3,WindofChange(Brz),VAZQUEZRA,Hewitt Michael,5-1,99.0,63.0,32,7,2.0,0.0,3,0,19,4,6Nov25,6f,3(older)(Alw)10000sC,71,2,2^(nose),3Oct25,5f,3(older)(Alw)10000s(C),84,2,1^6.75,5Sept25,6f,3(older)(Alw)10000sC,85,4,1^4,15Aug25,5^0.50f,3(older)(Clm)10000,75,5,1^5.5,1June25,6f,3(older)(Clm)15000B,84,2,1^2.25,17May25,7^0.50f(T)(S),3(older)OC20k/SAL10k-N,66,3,6^5.25,2May25,6f,3(older)(Clm)c-12500B,74,1,1^(neck),23Mar25,6f,4(older)(Alw)12500sC,65,7,7^5.25,8Mar25,wf^S,3(older)(Clm)c-8000B,68,7,2^2.75,8Feb25,6f,4(older)OC20k/SAL16k-N,76,8,4^5.25,23Jan25,6f,4(older)(Clm)30000N1X,68,9,7^6.75,3Jan25,6f(c),4(older)(Clm)15000(15-10),73,8,2^1.5
6,4,Sutherland,TORRESJA,Kantarmaci Mertkan,20-1,97.0,54.0,18,3,2.0,0.0,8,1,10,2,12Nov25,6^0.50f,3(older)(Clm)16000,71,1,1^0.50,12Oct25,7f,3(older)(Clm)16000,59,1,5^4,24Sept25,6f,3(older)(Clm)c-12500,61,2,4^2.5,12Sept25,6^0.50f(S),3(older)(Clm)12500,74,3,2^1,5July25,6f,3(older)(Clm)16000,65,4,6^9.25,12June25,6f,3(older)(Clm)16000B,78,1,1^1.25,10May25,6f,3(older)(Clm)20000B,65,2,5^2.75,8Mar25,6f,3(older)(Clm)20000B,65,8,7^5.5,24Jan25,1^0.0625,4(older)OC55k/SAL55k,72,3^2,6^7.5,22Dec24,6f,3(older)(Clm)30000(30-25)N3L,68,9,6^6.75,23Nov24,7f,3(older)(OC)20k/N2X-N,75,7,3^6.75,24Oct24,7f(C),3(older)(Clm)c-30000B,54,2,5^10
6,5,LordMajesty,BEJARANOR,Jacobson David,15-1,98.0,52.0,6,2,0.0,0.0,1,0,6,2,23Nov25,6f(c),3(older)(Clm)12500,74,3,1^(neck),5Nov25,6f,3(older)(Clm)5000B,73,1,2^2,14Oct25,6f,3(older)(Clm)10000B,57,2,4^2.25,7Oct25,6f,3(older)(Alw)34000N1X,58,3,8^8.5,24Sept25,5^0.50f,3(older)(Clm)10000B,64,2,3^2.5,8Sept25,5f(T),3(older)(OC)50k/(C) -N,46,9,9^12,28Aug25,6f,3(older)(Clm)c-5000B,41,2,6^11,12Aug25,6f(s),3(older)(Clm)8000N2X,60,3,1^(head),25June25,5^0.50f,3(older)(Clm)15000 (15-10)N2L,42,4,3^4.5,3June25,5^0.50f,3(older)(Md)20000,45,5,1^0.50,,,,,,,,,,,,
6,6,TurnUptheTrees,SAEZL,Jacobson David,5-2,125.0,45.0,15,4,2.0,2.0,1,0,10,3,13Dec25,6f,3(older)(Alw)115000N1X,75,1,6^4,27Nov25,6f,3(older)(Alw)50000sN1X,85,3,1^1.75,10Oct25,6f(C),3(older)(Alw)12500sC,54,1,5^17.50,17Sept25,6f,3(older)(Alw)12500sC,88,3,2^(head),9Aug25,6f(C),3(older)OC40k/SAL20k-N,85,1,2^1.75,14July25,6^0.50f,3(older)OC40k/SAL20k-N,93,3,1^0.75,18June25,6f,4(older)(Alw)12500sC,84,3,2^2.75,16May25,6f(C),3(older)(Alw)50000sN1X,58,3,7^11.25,6May25,6f(S),3(older)OC20k/SAL16k-N,91,3,1^7.75,27Dec24,5f(A),3(older)(Clm)25000B,87,4,1^3.75,6Dec24,5^0.50f(A),3(older)(Clm)c-12500N2L,71,2,1^5.75,22Nov24,7f,3(older)(Clm)35000B,67,4,3^9.5
6,7,Vale,DELACRUZW,Loy F,12-1,116.0,52.0,35,5,0.0,0.0,1,0,29,5,13Dec25,6f,3(older)(Clm)30000(30-25),77,2,6^3,19Sept25,1,3(older)(Alw)30000sC,59,4^1.5,4^14,8Sept25,6f,3(older)(Alw)37873N1X,81,1,2^(nose),22Aug25,6f,3(older)(Alw)47570N1X,72,2,3^3.75,31July25,6f(S),3(older)(Clm)20000B,70,3,1^1.5,11July25,6f,3(older)(Alw)40006N1X,60,3,6^10,14June25,6f(S),3(older)(Alw)10000sN1X,84,1,1^4,19Apr25,6f(C),4(older)(Alw)12500sN2Y,68,6,5^2,6Apr25,6f(c),4(older)(Clm)35000B,72,3,5^7.5,22Mar25,6f,4(older)(Clm)20000N1X,74,2,3^3.5,8Mar25,wf^S,4(older)(Alw)12500sN2Y,68,9,4^6.75,8Feb25,6f,4(older)OC20k/SAL16k-N,72,4,6^7.25
6,8,BigGain,ROSADOJ,Casse Norm,15-1,73.0,86.0,12,2,0.0,0.0,1,0,2,1,20Aug25,1(X)(s),3(older)(Clm)c-40000,40,4^3,5^24.50,13Aug25,7f(s),3(older)(Clm)32000,63,6,4^11.25,13July25,6f(c),3(older)(Clm)c-25000,62,7,4^5.75,20June25,1,3(older)(Alw)50000sN1X,73,3^1,3^6.5,24May25,6^0.50f(C),3(older)(Clm)c-17500N3L,76,8,1^1,27Apr25,6f,3(older)(Clm)c-(12.5-10)N2L,72,2,1^5.5,12Apr25,1^0.0625,3(older)(Clm)20000N2L,64,3^1,7^7.5,28Mar25,1^0.0625,3(older)(Clm)32000N2L,52,4^1.5,10^12.25,28Feb25,1^0.0625S,3(older)(Clm)c-12500N2L,71,3^2,2^1.25,23Jan25,1^0.0625,3(older)(Md)12500,67,3^0.50,1^3,14Dec24,1,3(older)(Md)20000,52,4^3,3^2.5,7Dec24,1(s),3(older)(state)(Md)50000,49,5^2.5,3^1
6,9,Raymond,BACONTW,Martin Timothy,7-2,93.0,75.0,30,9,1.0,0.0,0,0,26,8,15Nov25,6f,3(older)(Alw)8000sC,75,7,4^6,7Sept25,6f,3(older)OC12k/SAL8k-N,75,4,2^0.50,9Aug25,6f(S),4(older)(Alw)8000sC,78,4,1^1.75,4July25,6f,3(older)IowaSpntB123k,81,2,4^2.75,24May25,6f(s),4(older)OC20k/SAL12k-N,83,3,1^(neck),2May25,6f,4(older)LakHamltnB200k,82,5,4^12.50,13Apr25,6f(C),4(older)(OC)25k/N1X-N,95,5,1^3,8Mar25,wf^S,4(older)(Alw)12500sN2Y,84,7,1^1.75,26Jan25,6f,4(older)(Alw)10000sC,82,3,1^1.75,4Jan25,6f,4(older)(Clm)10000B -W,82,11,1^2.5,19Aug24,6f(C),3(older)OC10k/SAL5k,71,3,2^4.75,28July24,5^0.50f(S),3(older)(Clm)15000(15-12.5),69,3,4^2.75
7,1,Underhill'sTab,BACONTW,Hartman Chris,9-2,79.0,90.0,21,3,1.0,0.0,0,0,5,0,25June25,1^0.0625,4(older)(Clm)c-32000,71,4^2.5,3^4.75,7June25,7^0.50f,4(older)(Clm)62500,69,5,5^7.25,12Apr25,1^0.0625(c),4(older)(OC)62k/N2X-N,75,7^7.25,8^18.25,16Mar25,1,4(older)(OC)62k/N2X-N,82,9^11,6^6.25,25Jan25,1^0.0625,4(older)(OC)62k/N2X-N,83,5^3.25,3^5.75,13Dec24,1^0.0625,3(older)(OC)50k/N2X-N,84,3^1.5,4^9.25,23Nov24,7f,3(older)(OC)80k/N2X-N,83,3,6^6.5,20Sept24,1^0.0625(A),3(older)PIDMileL150k,79,5^3.5,7^5.75,22July24,1,3(older)(OC)50k/N$Y-N,92,7^4.5,3^1,7June24,7f,3(older)(Alw)120135N1X,88,2,1^(neck),2May24,7^0.50f(S),3(older)(Alw)123155N1X,86,1,3^4,30Mar24,1^0.0625(c),4(older)(Alw)150000N1X,83,2^2.5,3^1.75
7,2,CreativeMinister,VAZQUEZRA,Ramirez-Rodriguez Abel,4-1,57.0,107.0,24,2,0.0,0.0,3,1,5,0,14Nov25,1(C),3(older)(Alw)42000C,75,7^7.25,5^5.25,18Sept25,7^0.50f(T),3(older)(Alw)44000NC,77,7,6^4,23Aug25,1,3(older)(OC)50k/N3X-N,87,5^5.5,2^3.25,11July25,1,3(older)(Alw)39000NC,82,8^10,4^5.75,28June25,1^0.125(T),3(older)TXTrfClscB250k,78,8^4.75,7^9.25,26May25,1(C),3(older)SSxtnMle-G3,84,9^9.5,4^6.5,4May25,1(T),3(older)(Alw)39000NC,87,8^8.75,1^0.75,24Apr25,1^0.0625,4(older)(OC)75k/N$Y-N,83,7^7.25,4^4.5,22Mar25,1^0.0625,3(older)(Clm)c-50000N3L,87,6^8.5,1^(neck),23Feb25,1^0.0625(s),4(older)RazrbakH-G3,76,14^11,10^16.50,25Jan25,1^0.125(s),4(older)ËGnMcArthrB145k,87,6^8.5,3^2.25,13Dec24,1^0.0625,3(older)(OC)50k/N2X-N,86,5^3.5,3^7.75
7,3,Onthestage,ASMUSSENE,Asmussen Steven,8-1,65.0,102.0,17,3,0.0,0.0,0,0,10,3,14Sept25,1^0.0625,3(older)(Clm)25000,72,7^4,3^7.25,16Aug25,1^0.125,3(older)(Clm)32000,69,5^9,6^6,20July25,1,3(older)(Clm)40000,70,9^9,6^5,12Apr25,1^0.0625(c),4(older)(OC)62k/N2X-N,81,8^1,7^11,16Mar25,1,4(older)(OC)62k/N2X-N,65,12^17,11^2,16Feb25,1^0.0625,4(older)(OC)62k/N2X-N,78,8^9,5^8.5,18Jan25,1(c),4(older)(Alw)130000N1X,82,10^9,1^(neck),12Dec24,1^70,3(older)(Alw)36000N2X,83,9^7,2^(head),22Sept24,1^0.0625,3(older)(Clm)50000B,77,7^3.75,3^5.25,12Aug24,1^0.125,3(older)(OC)50k/N$Y-N,70,7^7.25,6^8.5,29June24,1^0.0625(s),3(older)(OC)80k/N2X-N,77,7^6.75,7^13.25,18May24,1^0.0625(s),3(older)(OC)80k/N2X-N,83,2^1,2^1.5
7,4,Hern,ESQUIVELE,Contreras Cipriano,5-1,93.0,89.0,25,5,0.0,0.0,1,0,12,4,25Sept25,1^70(X),3(older)(Clm)c-25000B,82,2^1,1^5.75,28Aug25,1^0.0625,3(older)(OC)50k/C,67,5^4.5,6^15.75,12Aug25,1^70,3(older)(OC)50k/C,82,4^3,2^0.75,18June25,1^0.0625(s),3(older)(OC)62k/C-N,79,5^3.5,3^6.5,28May25,wf,3(older)(OC)62k/C,62,5^4,5^17.50,3May25,1^0.0625(c),4(older)(OC)35k/N1X-N,63,4^3,10^14.75,13Apr25,1^0.0625,4(older)(Clm)32000N2Y,81,1^0.50,2^1.5,9Mar25,1^0.0625,4(older)OC50k/SAL50k-N,63,5^3.5,9^15.50,1Mar25,1(c),4(older)(Alw)130000N1X,58,5^2.5,9^17.75,8Feb25,1^0.0625,4(older)(Clm)50000(50-45),82,4^3.5,2^2,18Jan25,1(c),4(older)(Alw)130000N1X,66,7^6.5,7^9.25,6Oct24,1^70,3(older)(OC)50k/C,78,4^6,1^1
7,5,AmericanOutlaw,SANTANARJR,Casse Norm,15-1,105.0,59.0,24,4,0.0,0.0,2,0,3,0,15Nov25,7f(c),3(older)(Alw)16000sC,65,5,10^17,27Sept25,6f,3(older)(Clm)c-16000,74,7,3^2.5,9Aug25,6f(C),3(older)OC40k/SAL20k,66,4,5^10,27June25,6f,3(older)(OC)c-20k/N1X,77,4,2^1.25,1June25,6^0.50f,3(older)(OC)20k/N1X,82,1,2^(head),10May25,5f(T),3(older)(OC)30k/N2X,57,6,7^7.75,26Apr25,6f,3(older)(Clm)25000B,78,4,1^3.5,7Mar25,4^0.50f,3(older)(Alw)38300(C),50,8,RamosC,8Feb25,6f,4(older)OC20k/SAL16k,45,5,9^19.25,5Jan25,6f(c),4(older)(OC)62k/N2X-N,37,7,^3,9Dec24,5^0.50f,3(older)(Alw)60000(C),53,8,6^8.5,4Nov24,6f,3(older)(Alw)55000N3L,73,1,1^4
7,6,Sara'sShaman,TRIANAAJR,Young Bob,3-1,96.0,85.0,10,2,3.0,1.0,5,0,7,2,18Sept25,7^0.50f(T),3(older)(Alw)44000NC,73,4,7^5.75,11July25,1,3(older)(Alw)39000NC,92,4^2,1^0.50,14June25,1(C),3(older)(OC)40k/C-N,75,3^1.5,4^4,26May25,1(X),3(older)(OC)30k/N2X-N,88,6^2.75,1^2,5Apr25,7fS,3(older)(Alw)35000N2X,87,1,2^(nose),8Feb25,1,3(older)(Alw)35000N2X,75,2^1,3^3,12Dec24,1^70,3(older)(Alw)36000N2X,69,4^3,7^9,24Oct24,1(C),3(older)(Alw)36000N2X,81,1^2,2^0.75,4Oct24,1(T),3(older)(Alw)36000N3L,77,5^2.25,6^3,20Sept24,7f,3(older)(Alw)36000N3L,76,1,2^1,30Aug24,6^0.50f,3(older)(Alw)36000N3L,64,3,3^4.75,14July24,7f,3(older)(Alw)33500N1X,84,2,1^1
7,7,Unload,SAEZL,Maker Michael,8-1,93.0,83.0,14,3,1.0,0.0,3,0,3,1,14Nov25,7f,3(older)(Clm)50000,70,2,6^7.5,16Oct25,1^0.0625,3(older)(OC)80k/N2X,67,9^5,11^16,31Aug25,1(T),3(older)(OC)80k/N2X,71,4^1.5,10^11.50,11Aug25,1^0.125,3(older)(OC)c-50k/N$Y,81,3^1.5,3^2.5,5July25,1^0.125(S),3(older)CrnhskrH-G3,84,1^1,5^5.75,7June25,1^0.0625(T)(c),3(older)(OC)50k/C-N,77,2^(head),5^7.25,12Apr25,1^0.0625(c),4(older)(OC)62k/N2X-N,90,3^3,4^8.75,22Mar25,1^0.125(c),4(older)EssexH-G3,26,3^0.50,6^49,25Jan25,1^0.0625,4(older)(OC)62k/N2X-N,78,1^(head),7^8.75,5Jan25,1^0.125(c),4(older)TinselL175k,75,2^1.5,5^12,26Nov24,1^0.0625,3(older)ZiaChampB125k,89,2^4,3^3.75,27Oct24,1^0.125C,3(older)DownsAlbHB200k,80,2^0.50,3^2.25
7,8,PatsProperty,HUCKABYR,Haran John,20-1,108.0,69.0,28,5,1.0,1.0,0,0,14,2,21Aug25,1^0.0625,3(older)OC25k/SAL15k,68,1^0.50,5^9.5,31July25,1^70(X)(s),3(older)(OC)50k/C,62,3^8,4^9.25,3May25,1^0.0625,4(older)(Clm)40000B,70,4^3,10^7.5,24Apr25,1,4(older)(Alw)35000sN2Y,76,1^1.5,5^6,23Mar25,1^0.0625,4(older)(Clm)50000(50-40)N2Y,78,1^1,4^9.75,8Mar25,1^0.0625,4(older)(Clm)40000(40-35)N1Y,83,1^1,1^(neck),8Feb25,1,4(older)(Clm)30000(30-25)N1X,75,3^2.5,3^2,17Jan25,1,4(older)(OC)75k/N4L,60,8^5.25,8^14.50,22Dec24,1^0.0625,3(older)(Alw)50000sN2Y,75,1^0.50,6^3.5,6July24,1^0.0625,3(older)(OC)50k/C,84,2^(head),1^5.25,30Mar24,1^0.0625,4(older)(OC)75k/N2X-N,83,2^1.5,4^6.5,25Feb24,1,4(older)(OC)100k/N$Y-N,81,1^1.5,6^6
7,9,EyeWitness,TORRESJA,Caramori Caio,20-1,103.0,73.0,6,1,3.0,2.0,7,1,1,1,8Oct25,1^0.0625,3(older)(Clm)32000,76,1^1.5,1^(neck),28Aug25,1^0.125(T),3(older)(OC)50k/N2X,70,1^2,6^8.25,31July25,1^70(X)(s),3(older)(OC)50k/C,66,1^(head),3^7,28June25,5f(T)(C),3(older)GrpTfSprtB125k,77,8,6^5.75,16May25,6^0.50f,3(older)(Alw)20500C,69,5,2^2.5,30Apr25,5f(T),3(older)(OC)80k/N2X,76,8,10^5.5,12Apr25,6^0.50f(c),4(older)(OC)80k/N2X,63,5,6^15.50,5July24,5f(X)(S),3(older)WmGarrttHB100k,74,4,4^8,22June24,6f,3(older)(OC)100k/N3X-N,79,1,6^7,25Apr24,7f(S),4(older)(OC)100k/N3X-N,90,3,2^3,9Mar24,6f(A)(C),4(older)BigDaddyL95k,73,1,7^5.75,7Oct23,5^0.50f(T)(c),3(older)Woodford-G2,74,12,11^9.25
7,10,Winit,MENDOZAA,Ward Dan,12-1,87.0,91.0,18,3,0.0,0.0,1,0,16,4,28Aug25,7f(C),3(older)(Clm)v-50000,-,3,-,28June25,7f(s),3(older)(Clm)c-50000B,77,4,4^1.5,8Mar25,1,4(older)(OC)c-62k/N2X,87,8^3.75,5^3.75,4Jan25,1(s),4(older)(OC)80k/C-N,82,5^2.5,5^7.75,24Nov24,1,3(older)(OC)c-80k/C,94,2^0.50,2^(nose),26Oct24,1(C),3(older)FortyNnr-G3,89,8^7.75,3^2,26Sept24,1(c),3(older)(OC)80k/C,70,5^2.75,10^14.50,23Aug24,1,4(older)(OC)80k/C,86,1^1.5,3^2,3May24,1(s),4(older)Wstchstr-G3,84,4^3.5,4^7.25,7Apr24,1(S),4(older)(OC)80k/C-N,94,3^(neck),1^2.25,7Mar24,7fS,4(older)(OC)80k/C-N,83,3,3^4,26Jan24,1^0.125C,4(older)(OC)80k/C-N,65,6^5,7^19.75
7,11,BoldDiscovery,ARRIETAF,Shaffer Sarah,20-1,75.0,97.0,1,0,1.0,0.0,16,3,0,0,30Nov25,1^0.125(T),3(older)(OC)80k/N2X,63,5^1.75,9^16.25,18Oct25,7fC,3(older)(Clm)c-40000,53,7,7^18.75,11Sept25,1^0.0625(T)(C),3(older)(OC)80k/N2X,80,10^9,7^4.25,1Aug25,1^0.0625(T),3(older)OC40k/SAL20k,70,6^7.5,7^9.5,19Oct24,1^0.0625(T),3(older)(Alw)128254N3X,73,9^7,10^13.75,,,,,,,,,,,,,,,,,,,,,,,,,,,,,,,,,,,,,,,,,,
7,12,TrebleClef,TORRESCA,Casse Norm,20-1,69.0,94.0,14,2,0.0,0.0,1,0,3,0,12Nov25,1^0.0625,3(older)(OC)80k/N2X,66,5^3,8^14.75,28Sept25,1^0.125(s),3(older)BtteryPrkB200k,72,5^4.5,5^14.25,16May25,1(C),3(older)(OC)25k/C-N,65,5^2,4^4.5,23Apr25,1^70,3(older)(OC)25k/C-N,73,5^4.5,3^9.75,18Mar25,1,4(older)(OC)100k/NC-N,79,7^4,6^7.5,13Jan25,1^70,4(older)(OC)50k/N2X-N,74,7^3.25,4^3.5,12Dec24,1^0.125C,3(older)(OC)62k/N2X-N,80,6^7,6^15,20Nov24,1^70,3(older)(OC)40k/N2X-N,83,3^2.5,3^4.25,22Oct24,1^70(c),3(older)(OC)40k/N2X-N,86,7^7.25,4^3.5,21Sept24,1¶,3(older)GrnwdCp-G3,85,7^7.75,3^15,17July24,1^70,3(older)(OC)40k/N2X-N,68,3^3,4^7.5,,,,,,
7,13,Rebelious,DELACRUZW,Contreras Cipriano,20-1,96.0,81.0,3,1,6.0,1.0,0,0,3,1,28May25,1^70,3(older)(OC)25k/N1X-N,68,3^1.5,2^3.25,18Apr25,1,3(older)(Clm)25000N3L,79,2^(head),1^1.75,4Apr25,1^0.0625S,3(older)(Clm)25000N3L,73,6^1.75,3^4.25,24Feb25,1,4(older)(Clm)40000(40-35)N3L,72,12^9.25,4^6.75,17Jan25,1^0.0625,4(older)(Clm)c-(35-30)N3L,61,10^4.75,8^10,14Dec24,1^0.0625,3(older)(Clm)30000(35-30)N2L,73,6^4,1^1.25,20Oct24,1^0.0625(A),3(older)(Clm)23500(25-23.5)N2L,69,9^5.25,2^1,11Oct24,1^0.0625(A),3(older)(OC)40k/N2L,42,6^2.75,8^1,1Sept24,1^0.0625(A)(s),3(older)(OC)40k/N2L,78,2^(head),3^4,20July24,1^0.0625(A)(s),3(older)(OC)40k/N2L,68,4^5.5,2^2.25,23June24,1^0.0625(A)(C),Moc 40000(C),69,7^2.75,1^0.50,24May24,6f(A),Moc 40000(C),37,7,5^9.75
8,1,InJustMyHeels,ROMANEA,Moquett Ronald,6-1,71.0,101.0,16,4,0.0,0.0,0,0,13,3,27Nov25,1^0.125,3(older)(fillie)FallCty-G3,75,8^6,7^1,27Sept25,1^0.0625,3(older)(fillie)(OC)100k/C-N,85,8^4.75,2^1.5,21June25,1^0.125C,3(older)(fillie)LdyJcqlneL250k,64,7^4.25,7^11,31May25,1^0.0625C,4(older)(fillie)Shawnee-G3,77,9^11,7^12,26Apr25,1(c),4(older)(fillie)DigADimndB200k,82,7^4.25,3^6.25,28Mar25,1^0.0625,4(older)(fillie)ËLapatourlB145k,76,4^1.5,2^2.25,23Feb25,1^0.0625(s),4(older)(fillie)ËTrivistaB145k,71,10^7,5^7.5,2Feb25,1^0.0625(c),4(older)(fillie)(OC)62k/N2X-N,86,6^11,1^2.5,5Jan25,1(c),4(older)(fillie)(Alw)130000N1X,76,7^6,1^0.75,15Dec24,1^0.0625C,3(older)(fillie)(Alw)130000N1X,73,2^1,2^1.25,5Nov24,1,3(older)(fillie)(OC)50k/N2X-N,81,2^1,1^5.75,5Aug24,1^0.0625S,3(older)(fillie)(Alw)30600N2L,75,2^1,1^3
8,2,QueenAzteca,VAZQUEZRA,Brisset Rodolphe,10-1,108.0,81.0,6,2,0.0,0.0,2,0,0,0,8Nov25,1^0.125C,(fillie)MthrGoos-G2,78,1^0.50,6^8.25,16Aug25,12,(fillie)Alabama-G1,73,5^4.5,^3,,,,,,,,,,,,,,,,,,,,,,,,,,,,,,,,,,,,,,,,,,,,,,,,,,,,,,,,,,,,
8,3,Corningstone,BEALMEARJC,McPeek Kenneth,2-1,100.0,82.0,24,7,0.0,0.0,2,0,19,6,27Nov25,1^0.125,3(older)(fillie)FallCty-G3,91,2^1,2^2,29Oct25,1^0.0625(c),3(older)(fillie)(state)FrebllBbyH55k,80,8^12,1^2.5,1Oct25,1^0.0625,3(older)(fillie)(state)PiediBchHB150k,80,5^6,1^2.25,13Sept25,1^0.0625C,3(older)(fillie)LcstGrv-G2,82,2^1,5^9.25,4July25,1^0.0625,3(older)(fillie)IaDistaffB98k,78,2^1.5,3^2.25,31May25,1^0.0625C,4(older)(fillie)Shawnee-G3,85,5^2.5,4^7.5,8Feb25,1^0.0625S,4(older)(fillie)Bayakoa-G3,74,5^4.5,5^6,19Jan25,1^0.0625(s),4(older)(fillie)PippinL150k,78,1^1,1^1,14Dec24,1,3(older)(fillie)MistletoeB150k,85,3^2.5,1^4.25,2Oct24,1^0.0625,3(older)(fillie)(state)CardnalHB150k,76,7^4.5,3^1.25,14Sept24,1^0.0625(c),3(older)(fillie)LcstGrv-G2,84,6^3,2^3.25,22June24,1^0.125,3(older)(fillie)LdyJcqlneL250k,81,4^1.5,3^9.5
8,4,Peignoir,TORRESCA,Brisset Rodolphe,4-1,100.0,85.0,10,2,0.0,0.0,1,0,5,1,21June25,1^0.125C,3(older)(fillie)LdyJcqlneL250k,80,4^2.5,2^(nose),16May25,1^0.125,3(older)(fillie)ADuPontL125k,85,2^1.5,4^6.25,7Apr25,1^0.0625(X)(S),4(older)(fillie)(Alw)135800N3X,93,1^1.5,1^7.25,23Feb25,1^0.0625(s),4(older)(fillie)ËTrivistaB145k,72,1^1,3^6.5,11Jan25,1^0.0625,4(older)(fillie)WaywrdLssB77k,83,3^1,2^1.25,28Nov24,1^0.125,3(older)(fillie)FallCty-G3,73,2^1,7^14.75,8Nov24,1^0.125(c),3(older)(fillie)(OC)80k/N2X-N,81,3^2,1^(neck),17Oct24,1^0.125,3(older)(fillie)(Alw)110000N1X,82,1^1.5,1^3,20Sept24,1^0.0625(c),3(older)(fillie)(Alw)128215N1X,75,4^2.5,3^1,5Aug24,1(T),3(older)(fillie)(Alw)73000N1X,76,1^1.5,3^1.75,5July24,7f(C),(fillie)(Alw)73000N2L,51,3,8^17,10Nov23,1,(fillie)(OC)100k/ N1X-N,71,1^(head),2^9
8,5,Reagan'sFlame,ARRIETAF,Schultz Lindsay,8-1,90.0,80.0,7,2,0.0,0.0,8,2,1,0,8Nov25,1^0.0625(T),3(older)(fillie)(OC)100k/N3X-N,85,3^1,2^1,9Oct25,1^0.0625(T),3(older)(fillie)(Alw)127650N2X,85,3^1,1^0.75,7Sept25,7f(T),3(older)(fillie)(OC)80k/N2X,82,1,2^0.75,30Aug25,6^0.50f(T),3(older)(fillie)(OC)80k/N2X,75,3,6^3.5,3Aug25,6f,3(older)(fillie)(OC)50k/N$Y-N,50,5,^3,31May25,6f,3(older)(fillie)Rehoboth96k,55,3,6^14.75,29Nov24,1^0.0625,3(older)(fillie)(OC)80k/N2X-N,82,1^1,2^0.75,6Nov24,6f,(fillie)(OC)125k/N2X,70,1,4^4.25,21Sept24,7f,(fillie)Dogwood-G3,65,5,7^1,24Aug24,6f,3(older)(fillie)(Alw)73000N1X,79,1,1^2.25,29July24,6f,(fillie)(Alw)50000s N1X,80,4,1^1.75,28June24,7f,(fillie)(Alw)50000s N1X,73,7,2^4
8,6,Standoutsensation,SAEZL,Amoss Thomas,9-5,99.0,84.0,14,4,1.0,0.0,3,0,11,2,2Nov25,1^0.125,3(older)(fillie)TnbkAlrmL145k,85,2^0.50,1^1.25,27Sept25,1^0.0625,3(older)(fillie)(OC)100k/C-N,87,2^0.50,1^1.5,20July25,1^0.125,3(older)(fillie)(OC)75k/N2X-N,85,2^1,1^2.5,13June25,1^0.0625(c),3(older)(fillie)(OC)80k/N2X-N,81,3^1.5,2^0.75,27Apr25,1,3(older)(fillie)(Alw)130000N2L,85,2^0.50,1^9,15Mar25,1^0.0625,4(older)(fillie)(OC)35k/N1X-N,83,4^2,2^12.25,15Feb25,1^0.0625,4(older)(fillie)(Alw)130000N1X,67,2^1.5,4^10,17Jan25,1^0.125,4(older)(fillie)(Alw)130000N2L,78,2^1,2^7.25,20Dec24,1^0.0625,3(older)(fillie)(Alw)130000N2L,80,1^1,2^0.75,21Nov24,1,3(older)(fillie)(Clm)80000N2L,79,1^0.50,2^1.5,3Nov24,1^0.0625(T),3(older)(fillie)(Alw)130642N1X,74,8^4.25,6^3.75,22Aug24,1^0.125S,3(older)(fillie)(OC)50k/N1X-N,51,4^2,5^21
9,2,Drewvictory,TORRESJA,Briley Lonnie,15-1,90.0,59.0,2,2,0.0,0.0,0,0,2,1,6June25,6^0.50f(s),3(older)(OC)50k/N2L-N,72,1,1^2,25Apr25,6fS,3(older)(Md)(Sp)(Wt)29k,71,3,1^6,29Mar25,6f,(Md)(Sp)(Wt)110k,66,6,6^5.75,,,,,,,,,,,,,,,,,,,,,,,,,,,,,,,,,,,,,,,,,,,,,,,,,,,,,,
9,3,Heavenlyconveyance,CARMONAS,Tranquilino Santiago,30-1,88.0,70.0,9,2,0.0,0.0,1,0,9,2,13Dec25,6f,3(older)(Alw)50000sN3L,67,3,5^11,20Sept25,7f,3(older)(Alw)24200C,71,4,2^6.5,6Sept25,6f(C),3(older)(state)MnSprntB50k,76,2,3^2.25,23Aug25,6f(C),3(older)(state)(Alw)29000N1X,65,3,1^5.25,27July25,6f,3(older)(state)(Alw)29000C,77,6,2^0.50,2July25,6f(S),3(older)(state)(Alw)29000N1X,63,3,3^6.5,8June25,5^0.50fS,3(older)(state)(Alw)28500N2L,63,4,2^2,25May25,6f,3(older)(state)(Md)(Sp)(Wt)28k,65,3,1^1.75,27Apr25,6f,3(older)(Md)50000(50-40),55,1,5^3.25,12Apr25,6f,3(older)(Md)(Sp)(Wt)110k,59,5,7^10,28Sept24,6f,3(older)(state)(Md)(Sp)(Wt)33k,58,10,2^2.25,14Sept24,5f(T),3(older)(Md)(Sp)(Wt)29k,13,8,7^17.50
9,4,SpeedKing,SAEZL,Moquett Ronald,5-2,106.0,82.0,7,2,0.0,0.0,0,0,1,1,8Nov25,6^0.50f(C),(OC)125k/N2X-N,74,1,4^10,29June25,7f,MaxfieldL239k,74,9,5^11.25,29Mar25,1^0.125C,ArkDerby-G1,63,1^(head),6^24.75,23Feb25,1^0.0625,Rebel-G2,67,4^2.5,10^15,25Jan25,1^0.0625(c),Southwst-G3,93,1^1,1^1,13Dec24,1,SprngbdMiL300k,84,1^1,2^0.50,1Nov24,6f,(Md)(Sp)(Wt)123k,82,7,1^2.25,,,,,,,,,,,,,,,,,,,,,,,,,,,,,,
9,5,FrackBaby,CEDILLOA,Compton Greg,15-1,78.0,76.0,6,2,0.0,0.0,0,0,4,2,3Dec25,5^0.50f(c),3(older)(Alw)40000N3L,74,5,3^3.25,1Oct25,6f,3(older)(OC)50k/C-N,72,7,1^1.5,13Aug25,6f,(Alw)72000N2L,76,6,4^1,18July25,6f,3(older)(Md)(Sp)(Wt)43k,78,6,1^6.75,17Jan25,1,Moc 100000 N,49,4^3.5,5^18.75,7Dec24,6f,^3 (Md)(Sp)(Wt)75k,62,9,2^4.25,,,,,,,,,,,,,,,,,,,,,,,,,,,,,,,,,,,,
9,6,SecuredLender,TORRESCA,Maker Michael,8-1,79.0,85.0,6,2,0.0,0.0,2,0,2,1,27Nov25,6f,3(older)(Alw)50000sN1X,68,7,5^7.25,23Oct25,6f(s),3(older)(Clm)v-50000N2L,86,3,1^2.75,17Aug25,7f,3(older)(Md)c-35000,76,3,1^1.75,13July25,1^0.125(s),3(older)(Md)(Sp)(Wt)97k,75,2^(head),4^10,7June25,7f,3(older)(Md)(Sp)(Wt)100k,80,5,3^6.5,13Apr25,7f,3(older)(Md)100000,81,6,2^1,1Jan25,1(s),4(older)(Md)(Sp)(Wt)77k,67,1^1.5,4^11.75,10Oct24,1^0.125(T),3(older)(Md)(Sp)(Wt)81k,68,6^3.25,9^4.75,7Sept24,1(T)(C),3(older)(Md)(Sp)(Wt)132k,52,6^4.75,10^10,10Aug24,7f,3(older)(Md)(Sp)(Wt)71k,51,7,7^16.75,,,,,,,,,,,,
9,6,Suncroft,BEJARANOR,Jacobson David,10-1,120.0,44.0,5,0,2.0,1.0,1,0,3,0,30Nov25,6f,3(older)(Clm)50000B,76,3,3^4.5,20Nov25,6f,3(older)(Clm)62500,74,1,5^2.75,22Aug25,4^0.50f,3(older)(Alw)32800N3X,78,1,AcostaJD,10Aug25,5^0.50f(T),3(older)(OC)50k/N$Y-N,70,3,6^4.5,23Feb25,7f,4(older)(OC)32k/N2X-N,78,1,2^1.75,12Jan25,7f,4(older)(OC)62k/N2X-N,51,2,6^20.50,8June24,7f,3(older)(OC)80k/N2X-N,91,3,3^3.5,12Apr24,7f(c),4(older)(Alw)106220N2L,93,7,1^1,23Feb24,6f(A),3(older)(OC)25k/N1X-N,86,7,2^3.75,23Dec23,6^0.50f(A),3(older)(Md)(Sp)(Wt)69k,91,6,1^8.5,,,,,,,,,,,,
9,7,CoachJimiD,ROSADOJ,DiVito James,3-1,74.0,91.0,9,2,0.0,0.0,1,0,4,1,3July25,6^0.50f,3(older)(OC)50k/N$Y-N,67,3,5^8.25,12June25,7^0.50f,3(older)(OC)80k/N2X-N,87,5,3^3.75,18Apr25,6f,3(older)(Alw)130000N2L,91,3,1^0.50,21July24,1^70(C),3(older)(Alw)33000N1X,74,6^8,2^1,9June24,1^70,3(older)(Alw)33240N1X,80,2^0.50,2^1.25,18May24,1^70(X),3(older)(Md)(Sp)(Wt)32k,69,7^8.25,1^7,5May24,1(C),3(older)(Md)(Sp)(Wt)115k,68,5^4,3^15,14Apr24,6f,(Md)(Sp)(Wt)115k,70,4,6^5,30Mar24,6f,(Md)(Sp)(Wt)120k,72,1,4^4,8Mar24,6f,(Md)(Sp)(Wt)115k,76,6,2^1,12Aug23,7f,(Md)(Sp)(Wt)39k,77,3,2^1.5,30July23,5^0.50f(T),^3 (Md)(Sp)(Wt)39k,54,5,4^2.75
9,8,Hailstorm,VAZQUEZRA,Jacobson David,6-1,70.0,96.0,15,2,0.0,0.0,0,0,10,2,22Oct25,6f,3(older)(OC)80k/N2X-N,82,6,5^2.5,23Aug25,6^0.50f,3(older)(OC)50k/N$Y-N,85,6,2^(head),1May25,6^0.50f(C),3(older)(Clm)50000B,74,6,2^2.25,14Mar25,6f,4(older)(Clm)35000(35-30)N3L,68,6,5^5.75,16Feb25,6f,3(older)(Alw)35000N2X,73,6,4^4.25,4Jan25,6f(c),4(older)(Alw)130000N1X,67,12,7^9,1Dec24,6^0.50f,(OC)125k/N2X-N,65,2,5^9.25,8Oct24,6f,3(older)(Alw)34000N2L,79,5,1^4.5,17Sept24,5^0.50f,3(older)(Alw)34000N2L,71,3,3^6,4Aug24,6^0.50f,3(older)(Alw)72380N1X,74,5,3^5.75,23June24,6f(S),(OC)100k/N1X-N,81,7,4^4,1June24,6f,3(older)(Md)100000,78,2,1^0.75
9,8,PerfectForce,ASMUSSENE,Asmussen Steven,20-1,85.0,79.0,13,2,0.0,0.0,0,0,7,2,8Nov25,6^0.50f(C),(OC)125k/N2X-N,72,6,5^10,14Sept25,6f(c),(OC)125k/N2X-N,70,6,7^9,23Aug25,6^0.50f,3(older)(OC)50k/N$Y-N,76,1,3^4.25,17May25,6f(c),ChickLangL150k,73,1,6^6,3May25,1,PDayMile-G2,79,8^3.5,5^10,30Mar25,1,HtSprngs200k,90,5^3.25,3^6.25,21Mar25,6f,(OC)200k/ N1X-N,86,4,1^3.25,2Mar25,6f,3(older)(Md)(Sp)(Wt)110k,87,3,1^2.25,1Dec24,1,(Md)(Sp)(Wt)118k,55,10^4.25,6^11.75,1Nov24,7f,(Md)(Sp)(Wt)118k,69,7,3^4.25,9Oct24,1^0.0625,(Md)(Sp)(Wt)100k,48,11^6.5,10^1,12Sept24,6f,(Md)(Sp)(Wt)123k,66,7,5^3
9,9,MaxGotExcited,ARRIETAF,Creighton Brett,4-1,80.0,85.0,6,1,,,0,0,5,2,29June25,7f,MaxfieldL239k,61,1,10^18.25,2May25,6f(C),BachelorL175k,85,6,1^2.5,30Mar25,1,HtSprngs200k,73,4^3,4^16.75,15Mar25,6f,(Md)100000,84,5,1^4.5,23Feb25,6f,(Md)(Sp)(Wt)110k,73,6,7^12.75,25Jan25,6f(c),(Md)(Sp)(Wt)110k,84,4,3^4,4Jan25,1,(Md)(Sp)(Wt)110k,51,1^0.50,6^10,14Dec24,6f,(Md)(Sp)(Wt)110k,59,4,6^9.5,,,,,,,,,,,,,,,,,,,,,,,,
9,10,TouchdownArkansas,ESQUIVELE,Van Berg,20-1,111.0,47.0,4,2,0.0,0.0,0,0,4,2,1May25,6f,4(older)(OC)35k/N1X-N,39,7,9^17,16Mar25,6f(c),3(older)(state)(Alw)130000N1X,86,2,1^1.75,23Feb25,6f,3(older)(state)(Md)(Sp)(Wt)110k,71,2,1^4.25,6Apr24,6f,(state)RainbowB150k,34,3,^3,,,,,,,,,,,,,,,,,,,,,,,,,,,,,,,,,,,,,,,,,,,,,,,,
10,1,Metatron'sMuse,TRIANAAJR,Hartman Chris,8-1,103.0,58.0,14,4,7.0,0.0,1,0,11,3,24Sept25,1^0.125C,3(older)(Alw)12500sC,65,7^3.75,5^5.25,8Aug25,1^0.125S,3(older)OC16k/SAL7k-N,64,4^1.25,5^6.75,25June25,1^0.0625,4(older)(Alw)12500sC,77,3^1,2^0.50,5June25,1,4(older)(Alw)10000sC,78,6^4.25,1^(head),23May25,1^0.0625,4(older)(Clm)c-25000,79,3^1.5,2^2.75,26Apr25,1,4(older)(Clm)12500,76,5^2.75,1^6.25,1Feb25,1(A),3(older)(Clm)5000B,44,6^4.5,5^8.75,1Jan25,1(A),4(older)(Clm)c-5000B,57,5^3,6^7.75,29Nov24,7f,3(older)(Clm)12500,65,3,5^7.5,30Oct24,1,3(older)(Clm)12500,61,5^2.25,5^7.25,14Sept24,6^0.50f,3(older)(Clm)15000(15-10)N3L,66,3,1^3,24Aug24,1(S),3(older)(Clm)15000(15-10)N3L,66,3^1.5,3^1.75
10,2,SpeightsterRed,CEDILLOA,Ward Dan,20-1,104.0,62.0,56,12,0.0,0.0,2,0,5,2,21Oct25,1^70(s),3(older)(Clm)c-15000B,67,5^2,6^9.5,20Sept25,1^0.0625,3(older)OC25k/SAL12k,53,5^3.5,6^19.50,7July25,1^70,3(older)(OC)16k/N1X-N,62,4^2,5^7.75,15June25,1^0.0625S,3(older)OC12k/SAL10k-N,80,4^4.5,1^5.75,21May25,1,3(older)(Clm)25000B,82,5^3,1^10,23Apr25,1^70,3(older)(Clm)c-15000B,78,3^0.50,1^(nose),25Mar25,1(S),4(older)(Clm)c-10000B,79,1^(head),1^4,10Mar25,1^0.0625,4(older)(Clm)10000B,68,4^1.25,2^1.75,5Feb25,1^70,4(older)(Clm)c-7500N1X,66,2^4,1^2.5,15Jan25,1^70(c),4(older)(Clm)c-7500N1X,72,5^2.5,2^3.25,31Dec24,1^70,3(older)(Clm)7500N1X,71,2^2,2^6.75,17Dec24,1^0.0625C,3(older)(Clm)c-5000N1Y,69,3^2.5,2^4.5
10,3,WordsofWisdom,HERNANDEZI,Rengstorf Tony,3-1,99.0,68.0,27,10,0.0,0.0,8,0,13,4,30Oct25,1^0.0625,3(older)OC10k/SAL5k-N,83,1^1,1^8.25,9Oct25,1^70,3(older)OC10k/SAL5k-N,79,2^0.50,1^1.75,10Sept25,7f,3(older)(OC)12k/N1X-N,78,4,2^0.75,31Aug25,1(C),3(older)OC7k/SAL5k-N,64,2^0.50,2^5.5,13Aug25,1,3(older)(Clm)c-7500B,77,1^0.50,1^10,27July25,1(T),3(older)OC7k/SAL5k-N,60,3^2,5^6.5,4July25,7f,3(older)(Clm)7500B -W,77,1,1^2.75,12Dec24,1,3(older)(Clm)v-(8-6.25)B,78,2^1,1^4,16Nov24,1,3(older)(Clm)5000,72,2^0.50,1^1.25,10Oct24,1(s),3(older)(Clm)5000B,70,2^1.5,1^1,28Sept24,6f,3(older)(Clm)10000B,52,3,4^5.5,25May24,1,3(older)OC10k/SAL6k,66,4^6,5^5.75
10,4,LemonDropShot,VAZQUEZRA,Bahen^5 Fernando,20-1,86.0,60.0,28,4,5.0,0.0,2,1,4,0,12Dec25,1^0.125,3(older)(Alw)12500sC,69,12^20,7^16,15Nov25,7f(c),3(older)(Alw)16000sC,60,13,^3,28Oct25,1^0.0625,3(older)OC15k/SAL10k-N,79,5^2.5,1^3.25,19Oct25,1^70,3(older)(Alw)33000N1X,70,7^8.75,3^3.25,24Sept25,1^0.125C,3(older)(Alw)12500sC,68,9^6.25,4^3.75,9Aug25,1^70(C),3(older)(OC)10k/N1X-N,78,6^5.5,1^5.25,19July25,1^0.0625,3(older)OC15k/SAL10k-N,67,6^4.5,3^5.75,1July25,1^0.0625,3(older)(OC)20k/N4L,72,6^4.5,1^4.25,29May25,1^0.0625(X)(S),3(older)(Clm)12500,54,7^9.25,4^3.25,15Mar25,1(S),4(older)(Clm)10000,44,6^9.5,8^1,16Feb25,6f(c),4(older)(Clm)c-(12.5-10),67,10,8^6.5,26Jan25,6f,4(older)(Alw)10000sC,66,9,7^6.75
10,5,EternallyGrateful,BACONTW,Becker Scott,6-1,69.0,59.0,25,6,0.0,0.0,0,0,4,2,28Oct25,1^0.0625,3(older)OC15k/SAL10k-N,74,2^1.5,2^3.25,25Sept25,1^70(S),3(older)OC15k/SAL10k-N,78,2^1,3^1,30Aug25,1^70,3(older)OC15k/SAL10k-N,79,3^2,1^2.5,19July25,1^0.0625,3(older)OC15k/SAL10k-N,63,8^5.25,4^8.25,25May25,1^70,3(older)(Alw)32000N1X,79,5^3.5,1^2.5,1May25,1^70(c),3(older)(Alw)31986N1X,73,6^4.75,2^(head),13Apr25,1(c),4(older)(Alw)12500sN2Y,79,6^1.75,2^2.5,8Mar25,wf^S,4(older)(Alw)12500sN2Y,82,1^1,2^(nose),1Feb25,6f(c),4(older)(Alw)20000sC,82,7,3^1.5,28Dec24,1(s),3(older)(Alw)10000sC,80,1^2,1^(head),15Dec24,6f,3(older)(Alw)20000sN2Y,71,7,4^1.75,22Oct24,6f(S),3(older)(OC)25k/NC-N,79,4,3^3.5
10,6,Couperin,BEJARANOR,Cook Jason,10-1,,,10,4,5.0,0.0,3,1,10,3,5Dec25,6^0.50f(A),3(older)(Alw)97962N1X,77,6,5^4,8Nov25,7f(C),3(older)(Clm)c-20000,78,6,1^1.75,28Sept25,6f,3(older)(Clm)32000,71,7,3^2.5,14Sept25,1^0.0625,3(older)(Clm)c-25000,36,3^1.5,7^30.50,30July25,1^0.0625(T),3(older)OC10k/SAL5k-N,64,3^1,6^2.25,27June25,1,3(older)(OC)16k/N1X-N,71,3^2,1^5,31May25,1,3(older)OC10k/SAL5k-N,70,1^(head),1^1.25,29Apr25,1,4(older)(Clm)16000,69,1^0.50,2^0.75,13Mar25,1(A)(c),4(older)(Alw)5000sC,62,8^8,4^8.5,7Feb25,1(A),4(older)(Alw)5000sC,64,1^1,4^4.25,13Dec24,1^0.0625C,3(older)(Alw)31853N1X,69,2^1,4^5.5,21Nov24,1^70C,3(older)(Alw)32550N1X,73,2^0.50,3^1.5
10,7,BenFranklin,ARRIETAF,Loy F,9-2,,,10,2,0.0,0.0,0,0,3,2,12Dec25,6f,3(older)(Clm)c-10000B,75,6,2^2.75,17Jan25,1^0.0625,4(older)(Clm)c-(35-30)N3L,65,6^2.5,6^8.25,6Nov24,7^0.50f,3(older)(Alw)132695N2X,76,8,5^8.25,12Oct24,1^0.0625C,3(older)(OC)80k/N2X-N,68,6^6,7^15.25,15Sept24,1^0.125,3(older)(OC)80k/N2X-N,82,7^6,7^4.75,5May24,1^0.0625,4(older)LakOchitaB200k,78,7^5.25,4^7.5,21Apr24,1^0.0625(s),4(older)(OC)75k/N2X-N,89,5^5,2^0.75,17Mar24,1,4(older)(Alw)140000N1X,88,6^5.5,1^2.75,25Feb24,1(c),3(older)(Md)(Sp)(Wt)115k,82,7^4.5,1^1.75,27Jan24,1^0.0625,3(older)(Md)(Sp)(Wt)115k,87,6^4,2^6.75,16Nov23,1^0.125(s),3(older)(Md)(Sp)(Wt)117k,90,3^1.5,2^2.25,21Oct23,1^0.0625C,3(older)(Md)(Sp)(Wt)96k,70,12^10,5^7.25
10,8,ProvenAdvocate,JARAF,Gelner Jayde,12-1,,,8,2,0.0,0.0,6,1,5,1,13Sept25,1^70S,3(older)(Alw)10000sC,70,2^0.50,4^4.25,14Aug25,7^0.50f(T),3(older)(Alw)20000sC,65,8,7^6,5July25,1(X),3(older)(state)Assault75k,76,4^3,3^1.5,8June25,1^0.0625(T),3(older)(state)TXHallOFm75k,83,6^4,2^2.75,25May25,1^0.0625(T)(C),3(older)(state)(OC)18k/N2X-N,78,7^6,1^(neck),3May25,1(S),3(older)(state)(Alw)40500N2L,75,4^3.5,1^3.25,17Apr25,1(T),3(older)(state)(Alw)40500N1X,69,9^7.75,3^2.5,22Mar25,1,4(older)(state)StarOfTexB82k,77,6^3,2^6,28Feb25,6^0.50f,3(older)(state)(Alw)41500N1X,66,5,2^3.75,15Feb25,1^0.0625(X),4(older)(state)HouTurfB81k,69,3^3,5^9.25,10Jan25,1^70,4(older)(state)(Alw)34500N1X,69,5^1.25,2^0.50,20Nov24,7f,3(older)(Clm)20000N2L,70,3,3^0.50
10,9,DualMonarchy,HARRK,Cline Robert,5-2,98.0,58.0,27,3,1.0,0.0,1,0,13,1,13Dec25,6f,3(older)(Alw)115000N1X,82,6,3^0.75,21Aug25,1(S),3(older)(OC)30k/C-N,75,1^1.5,3^8.75,10Aug25,7f,3(older)(OC)20k/N2X-N,82,4,1^1,24July25,7f,3(older)(OC)20k/N2X-N,80,6,3^1.5,12July25,1(s),3(older)(OC)12k/N1X-N,83,1^1,1^10,29June25,6f,3(older)(OC)12k/N1X-N,76,6,3^1,14June25,7f,3(older)(OC)12k/N1X-N,83,4,2^(neck),24May25,1,3(older)(OC)12k/N1X-N,69,6^3.5,4^2.25,3May25,1^0.0625(C),3(older)(Clm)12500B,71,10^12,4^4.25,18Apr25,1,3(older)(Clm)25000N3L,74,1^(head),4^3.25,6Apr25,6f(c),4(older)(Clm)12500B,62,9,5^7.5,15Mar25,1(c),4(older)(Clm)10000N3L,67,5^2,2^2.25
10,10,CampDaddy,ESPINOZAA,Hernandez Armando,20-1,95.0,83.0,16,3,1.0,0.0,6,1,2,0,19Oct25,1^70(X)(S),3(older)(Clm)7500,60,1^0.50,1^1,5Oct25,6f,3(older)(Clm)25000B,41,4,5^19.25,25Aug25,1(C),3(older)(OC)40k/C-N,30,1^(head),4^26.50,31July25,6^0.50f,3(older)(OC)40k/C,55,5,5^17,3July25,6f,3(older)(Clm)25000,66,3,2^1.25,14July24,1^0.125C,3(older)(Alw)20000sC,65,1^0.50,5^14.25,7June24,1^0.0625,4(older)(Alw)20000sC,79,1^2,2^0.75,28Apr24,1^70,3(older)(OC)50k/C-N,83,1^1,1^0.75,6Apr24,1^70(S),3(older)(Alw)34140N1X,83,1^1,1^7,29Feb24,6f,4(older)(Alw)58000N1X,74,6,5^6.5,3Feb24,6f(c),4(older)(Alw)140000N1X,72,8,5^4.5,1Jan24,6f,4(older)(Alw)53000N1X,83,6,2^1.5
10,11,TwirlingTroillet,ESQUIVELE,Blair Jordan,20-1,,,15,3,3.0,1.0,4,0,11,1,19Oct25,1^0.125(c),3(older)(Alw)12500sC,33,5^3.5,9,24Sept25,1^0.125C,3(older)(Alw)12500sC,73,2^0.50,1^1,1Sept25,1Ñ,3(older)(Alw)73200N1X,61,7^8,8^9.5,1Aug25,1^0.0625(T),3(older)OC40k/SAL20k-N,77,2^2.5,3^5.75,20June25,1,4(older)(Clm)c-16000,73,1^1,3^3,16May25,1^0.0625,4(older)(Clm)c-12500,65,3^0.50,1^5.5,29Apr25,1,4(older)(Clm)16000,62,2^0.50,6^4.75,15Feb25,1(A),4(older)(Alw)30000sN1X,55,1^(head),9^10,24Jan25,1(A)(S),4(older)(Clm)15000(15-10)N3L,75,1^0.50,1^3.75,3Jan25,1(A)(c),4(older)(Clm)15000(15-10)N3L,60,5^3.5,8^8,29Nov24,1^0.0625(s),3(older)(Clm)c-16000N2L,73,2^0.50,1^5.5,13Nov24,1,3(older)(Clm)20000N2L,59,4^2.5,3^3
10,12,SwissGuard,TORRESJA,Manley Steve,20-1,103.0,49.0,32,6,1.0,0.0,1,0,4,2,12Dec25,1^0.125,3(older)(Alw)12500sC,50,2^0.50,12^29,16Nov25,1,3(older)OC12k/SAL8k-N,73,2^(head),1^2,25Oct25,1^70(C),3(older)(OC)12k/C-N,69,1^0.50,1^1.25,4Oct25,1,3(older)(Alw)5000sC,84,1^1,1^12.50,13Sept25,6f,3(older)(Alw)5000sC,56,7,3^4.5,2Sept25,6f,3(older)(OC)20k/N4L-N,61,3,4^3,19July25,6f,3(older)(OC)c-20k/N4L,67,2,3^8.5,28June25,6f(S),3(older)(Clm)c-10000N3L,77,1,1^12.25,24May25,6f(S),3(older)(Clm)c-7500,63,3,2^0.75,10May25,5^0.50f,3(older)(Clm)10000N3L -W,42,3,8^11.50,26Apr25,5f,3(older)(Clm)7500 -W,60,7,2^2.25,31Oct24,6fC,3(older)(Clm)7500,61,4,4^3.25
10,13,Ember,VAZQUEZRA,Soto Fermin,20-1,79.0,94.0,22,6,6.0,2.0,4,0,13,3,13Dec25,1^0.0625(s),3(older)(Clm)c-10000B,71,5^2.5,2^(head),19Oct25,1^0.0625(s),3(older)(Clm)16000,61,8^12,5^14,28Sept25,1^0.0625,3(older)(Clm)c-12500,69,9^6,2^2.25,11Sept25,1,3(older)(Clm)12500,60,11^8,5^8.75,1Aug25,7f,3(older)(Clm)c-10000,65,5,5^1.75,22June25,1^0.125,4(older)(Clm)c-20000,60,6^4.5,5^12.25,5June25,1,4(older)(Alw)10000sC,64,8^6.75,4^8,19Apr25,1^0.125,4(older)(Alw)10000sC,77,1^1,1^0.75,29Mar25,1^0.125C,4(older)(Alw)10000sC,64,2^4.5,8^13.25,6Feb25,1^0.0625,4(older)(Clm)30000B,74,7^4.25,3^6.75,10Jan25,1^70,4(older)(Clm)c-(10-7.5)B,72,4^7,1^2.25,20Nov24,1^0.125,3(older)(Clm)c-16000,75,1^1,3^6
10,14,Curlin'sMalibu,SAEZL,Sharp Joe,2-1,73.0,60.0,30,5,1.0,0.0,5,0,5,0,15Nov25,1^0.0625(c),3(older)(Alw)8000sC,85,5^2,1^(neck),18Oct25,1^.1875,3(older)(Alw)25000sC,86,3^3.5,3^3.5,21Aug25,1^0.0625,3(older)(Alw)8000s,91,5^4,1^1,6Aug25,1^0.125,3(older)(Clm)32000,77,4^3.5,2^8.25,28June25,1^0.125(S),3(older)DptTstmnyB123k,60,3^3.5,5^23.50,16May25,1^0.0625,3(older)(OC)40k/N2X,78,6^6.75,8^14,12Apr25,1^0.125,3(older)NatvDncrB99k,78,5^12,3^8.25,21Feb25,1^0.0625(S),4(older)(OC)32k/N2X,83,5^5,2^2,15Dec24,1,3(older)(OC)40k/N2X,70,8^7.75,7^9.5,28Nov24,7f,3(older)OC30k/SAL20k,76,6,2^0.75,6Nov24,7f,3(older)(OC)25k/C,75,4,^3,14Sept24,1,3(older)PolynsianB99k,78,5^12,2^11.50
